"glascontainer_nr";"straatnaam";"huisnummer";"postcode";"type";"ondergrond_verhard";"opmerking";"begindatum";"point_lng";"point_lat"
"382";"MACCABILAAN";"";"2660";"duo glasbol";"ja";"";"";"4.3381984030000353";"51.175783092000074"
"279";"GROTEBAAN";"23";"2660";"duo glasbol";"ja";"";"";"4.3415041210000709";"51.172884624000062"
"208";"JOZEF LEEMANSLAAN";"";"2660";"duo glasbol";"ja";"";"";"4.3440383540000198";"51.173974972000053"
"041";"SMALLANDLAAN";"7";"2660";"mono glasbol wit";"ja";"containerpark";"";"4.3370690070000251";"51.181813671000043"
"033";"SMALLANDLAAN";"7";"2660";"mono glasbol wit";"ja";"containerpark";"";"4.3371768510000379";"51.181860322000034"
"116";"SMALLANDLAAN";"7";"2660";"mono glasbol groen";"ja";"containerpark";"";"4.3372712270000306";"51.181902727000079"
"196";"SMALLANDLAAN";"7";"2660";"mono glasbol groen";"ja";"containerpark";"";"4.3373723550000705";"51.181940891000067"
"244";"RESTRINGENLAAN";"";"2660";"duo glasbol";"ja";"";"";"4.3419018410000376";"51.18514164100003"
"098";"SCHROEILAAN";"";"2660";"mono glasbol wit";"ja";"";"";"4.3478369860000612";"51.182850028000075"
"114";"SCHROEILAAN";"";"2660";"mono glasbol groen";"ja";"";"";"4.3479178900000761";"51.182883937000042"
"253";"BERKENRODELEI";"126";"2660";"duo glasbol";"ja";"";"";"4.3488084230000368";"51.181744066000078"
"201";"COMMANDANT WEYNSSTRAAT";"116";"2660";"duo glasbol";"ja";"";"";"4.3526513440000372";"51.183384712000077"
"212";"VAN DE PERRELEI";"9";"2660";"duo glasbol";"ja";"<Null>";"";"4.3555721750000203";"51.179274190000058"
"194";"STEYNSTRAAT";"330";"2660";"mono glasbol groen";"ja";"";"";"4.3663129160000267";"51.183978951000029"
"013";"STEYNSTRAAT";"330";"2660";"mono glasbol wit";"ja";"";"";"4.3663870850000421";"51.184021332000043"
"448";"WEERSTANDLAAN";"6A";"2660";"duo glasbol";"ja";"<Null>";"";"4.3690299470000582";"51.185691718000044"
"010";"ZEELANDSTRAAT";"";"2660";"mono glasbol wit";"ja";"";"";"4.3711002840000219";"51.18524059300006"
"198";"ZEELANDSTRAAT";"";"2660";"mono glasbol groen";"ja";"";"";"4.3710708380000369";"51.185261258000025"
"630";"VOETBALSTRAAT";"32";"2660";"ondergrondse duo";"ja";"";"";"4.3733034030000226";"51.183848182000077"
"183";"HUISBLOKSTRAAT";"";"2610";"mono glasbol wit";"ja";"";"";"4.3852461070000572";"51.176420101000076"
"088";"HUISBLOKSTRAAT";"";"2610";"mono glasbol groen";"ja";"";"";"4.3852575500000626";"51.176390842000046"
"032";"GEBROEDERS DE WACHTERSTRAAT";"";"2610";"mono glasbol wit";"ja";"";"";"4.3806672660000459";"51.176705288000051"
"149";"GEBROEDERS DE WACHTERSTRAAT";"";"2610";"mono glasbol groen";"ja";"";"";"4.380725324000025";"51.176707717000056"
"080";"PASTOOR BAUWENSLAAN";"67";"2610";"mono glasbol wit";"ja";"<Null>";"";"4.3782719600000632";"51.179058166000061"
"192";"PASTOOR BAUWENSLAAN";"67";"2610";"mono glasbol groen";"ja";"<Null>";"";"4.3783106660000612";"51.179036267000072"
"441";"RIDDERVELD";"11";"2610";"duo glasbol";"ja";"";"";"4.3747218030000568";"51.177158322000082"
"325";"SCHOONSELHOFLEI";"";"2660";"duo glasbol";"ja";"";"";"4.3676588150000271";"51.176158469000029"
"235";"ALFRED NOBELLAAN";"16";"2660";"duo glasbol";"ja";"<Null>";"";"4.3608060830000568";"51.177176216000078"
"014";"PAUL VEKEMANSLAAN";"";"2660";"mono glasbol wit";"ja";"";"";"4.3632608890000597";"51.176051250000057"
"104";"PAUL VEKEMANSLAAN";"";"2660";"mono glasbol groen";"ja";"";"";"4.3632439780000709";"51.176001147000079"
"348";"SALESIANENLAAN";"";"2660";"duo glasbol";"ja";"";"";"4.3673412150000672";"51.173118539000029"
"021";"OUDESTRAAT";"130";"2660";"mono glasbol wit";"ja";"<Null>";"";"4.3543853450000256";"51.17351431700007"
"109";"OUDESTRAAT";"130";"2660";"mono glasbol groen";"ja";"<Null>";"";"4.3544592100000727";"51.173521471000072"
"xxx";"HERENTALSEBAAN";"141";"2100";"duo glasbol";"ja";"";"";"4.4585007480000627";"51.209608101000072"
"260";"HERENTALSEBAAN";"141";"2100";"duo glasbol";"ja";"";"";"4.4586335120000626";"51.209628842000029"
"269";"VAN AMSTELSTRAAT";"44";"2660";"duo glasbol";"ja";"<Null>";"";"4.3516238210000324";"51.17314248100007"
"190";"MORETUSSTRAAT";"";"2660";"mono glasbol groen";"ja";"parking";"";"4.3495166230000564";"51.170666719000053"
"026";"MORETUSSTRAAT";"";"2660";"mono glasbol wit";"ja";"parking";"";"4.3495166400000471";"51.170623853000052"
"215";"NACHTEGAALLAAN";"6";"2660";"duo glasbol";"ja";"";"";"4.35731210900002";"51.172035762000064"
"243";"OUDSTRIJDERSLAAN";"49";"2660";"duo glasbol";"ja";"";"";"4.3602671240000745";"51.170299936000049"
"652";"KAREL MEYVISSTRAAT";"8";"2660";"ondergrondse duo";"ja";" ";"";"4.362105083000074";"51.172843852000028"
"430";"VERENGDE NATIESLAAN";"59";"2660";"duo glasbol";"ja";"<Null>";"";"4.353503981000074";"51.164060183000061"
"227";"KLAVERBLADDREEF";"";"2660";"duo glasbol";"ja";"";"";"4.3554595730000756";"51.161609243000044"
"011";"SINT-BERNARDSESTEENWEG";"1400";"2660";"mono glasbol wit";"ja";"";"";"4.3501591480000457";"51.159743108000043"
"111";"SINT-BERNARDSESTEENWEG";"1400";"2660";"mono glasbol groen";"ja";"";"";"4.3502511120000236";"51.159800963000066"
"241";"LAGEWEG";"152";"2660";"duo glasbol";"ja";"<Null>";"";"4.3595093530000213";"51.184058533000041"
"610";"MICHEL WILLEMSLAAN";"80";"2610";"ondergrondse duo";"ja";"<Null>";"";"4.3752740580000591";"51.180714721000072"
"036";"LETTERKUNDESTRAAT";"29";"2610";"mono glasbol wit";"ja";"<Null>";"";"4.3822544600000697";"51.180796622000059"
"145";"LETTERKUNDESTRAAT";"29";"2610";"mono glasbol groen";"ja";"<Null>";"";"4.382309193000026";"51.180803492000052"
"458";"KAREL MESTDAGHPLEIN";"";"2610";"duo glasbol";"ja";"";"";"4.3857205720000252";"51.179864997000038"
"266";"OVERWINNINGSTRAAT";"";"2610";"duo glasbol";"ja";"";"";"4.3916658940000275";"51.17495552500003"
"xxx";"MASTPLEIN";"";"2610";"mono glasbol groen";"ja";"";"";"4.3928658740000515";"51.17159891700004"
"xxx";"MASTPLEIN";"";"2610";"mono glasbol wit";"ja";"";"";"4.3928749350000658";"51.171565577000081"
"001";"BIST";"151";"2610";"mono glasbol wit";"ja";"";"";"4.3947320390000755";"51.170489276000069"
"124";"BIST";"151";"2610";"mono glasbol groen";"ja";"";"";"4.3947497640000392";"51.170455816000072"
"234";"VALKENVELD";"";"2610";"duo glasbol";"ja";"";"";"4.3872030480000603";"51.168918744000052"
"444";"VALKSTRAAT";"86";"2610";"duo glasbol";"ja";"";"";"4.3842372100000375";"51.169415335000053"
"333";"BERKENVELDPLEIN";"29";"2610";"duo glasbol";"ja";"<Null>";"";"4.3827603620000559";"51.167971718000047"
"435";"KRIJGSLAAN";"27";"2610";"duo glasbol";"ja";"<Null>";"";"4.3988940890000663";"51.163338704000068"
"211";"KRIJGSLAAN";"245";"2610";"duo glasbol";"ja";"<Null>";"";"4.3890419660000362";"51.162805949000074"
"489";"BOEKSVELDPLEIN";"8";"2610";"duo glasbol";"ja";"<Null>";"";"4.3902194950000535";"51.163823345000026"
"xxx";"KERNENERGIESTRAAT";"43";"2610";"mono glasbol wit";"ja";"containerpark";"";"4.3874436650000348";"51.160714357000074"
"xxx";"KERNENERGIESTRAAT";"43";"2610";"mono glasbol groen";"ja";"containerpark";"";"4.3874856950000662";"51.160720013000059"
"xxx";"KERNENERGIESTRAAT";"43";"2610";"mono glasbol wit";"ja";"containerpark";"";"4.3875277390000633";"51.16072755600004"
"xxx";"KERNENERGIESTRAAT";"43";"2610";"mono glasbol groen";"ja";"containerpark";"";"4.3875727850000317";"51.160735099000078"
"375";"EDENPLEIN";"4";"2610";"duo glasbol";"ja";"";"";"4.3898810860000594";"51.153190321000068"
"447";"SCHUURVELDLAAN";"62";"2610";"duo glasbol";"ja";"";"";"4.3937266650000311";"51.153163093000046"
"251";"MOERENLEI";"153";"2610";"duo glasbol";"ja";"";"";"4.363349597000024";"51.159300808000069"
"334";"TERBEKEHOFDREEF";"1";"2610";"duo glasbol";"ja";"";"";"4.3806232770000406";"51.153245809000055"
"412";"KLAPROOSSTRAAT";"";"2610";"duo glasbol";"ja";"";"";"4.4088924740000266";"51.17072581900004"
"428";"DOKTER DONNYPLEIN";"30";"2610";"duo glasbol";"ja";"";"";"4.4056218090000243";"51.168079947000081"
"408";"STEYTELINCKLEI";"";"2610";"duo glasbol";"ja";"";"";"4.3991431640000656";"51.169958281000049"
"471";"GOUDENREGENLAAN";"2";"2610";"duo glasbol";"ja";"";"";"4.4001454810000382";"51.175116393000053"
"364";"CEDERLAAN";"68";"2610";"duo glasbol";"ja";"";"";"4.4020179130000656";"51.174673506000033"
"459";"GROENENGORGERLAAN";"129";"2610";"duo glasbol";"ja";"";"";"4.4091685520000397";"51.17487096900004"
"416";"JOS OP DE BEECKLAAN";"19";"2610";"duo glasbol";"ja";"";"";"4.3954963730000713";"51.163580786000068"
"456";"JOS OP DE BEECKLAAN";"44";"2610";"duo glasbol";"ja";"";"";"4.3919399600000588";"51.17622424800004"
"446";"HEISTRAAT";"321";"2610";"duo glasbol";"ja";"";"";"4.391374158000076";"51.179556257000058"
"268";"KRUISHOFSTRAAT";"227";"2610";"duo glasbol";"ja";"<Null>";"";"4.3939530320000699";"51.183387025000059"
"267";"EGLANTIERLAAN";"1";"2610";"duo glasbol";"ja";"<Null>";"";"4.4037748110000621";"51.186266819000082"
"340";"GROENENGORGERLAAN";"173";"2610";"duo glasbol";"ja";"staat op de campus";"";"4.4154832910000437";"51.178892531000031"
"415";"OUDESTRAAT";"27";"2610";"duo glasbol";"ja";"<Null>";"";"4.3927980270000262";"51.167826544000036"
"022";"RUCAPLEIN";"";"2610";"mono glasbol wit";"ja";"";"";"4.4222993230000611";"51.177963645000034"
"108";"RUCAPLEIN";"";"2610";"mono glasbol groen";"ja";"";"";"4.422428210000021";"51.177963585000043"
"432";"RINGLAAN";"82";"2610";"duo glasbol";"ja";"";"";"4.4275623960000416";"51.177970091000077"
"464";"VIERBUNDERPLEIN";"3";"2610";"duo glasbol";"ja";"";"";"4.4324583310000207";"51.176581213000077"
"245";"GEMZENSTRAAT";"";"2610";"duo glasbol";"ja";"";"";"4.4217012780000573";"51.174763771000073"
"378";"BEECKMANSLAAN";"";"2610";"duo glasbol";"ja";"";"";"4.4214596640000536";"51.170163937000041"
"384";"PARKLAAN";"44";"2610";"duo glasbol";"ja";"";"";"4.4274323620000473";"51.171511338000073"
"356";"HOF VAN TICHELEN";"30";"2020";"duo glasbol";"ja";"";"";"4.3853307340000356";"51.182516441000075"
"466";"JULIUS DE GEYTERSTRAAT";"93";"2020";"duo glasbol";"ja";"";"";"4.3783489070000314";"51.184506685000031"
"485";"DE BOSSCHAERTSTRAAT";"249";"2020";"duo glasbol";"ja";"";"";"4.3861983720000239";"51.185279856000079"
"484";"JAN LIGTHARTPLEIN";"";"2020";"duo glasbol";"ja";"";"";"4.3880613140000264";"51.187291446000074"
"344";"ALFRED COOLSTRAAT";"31";"2020";"duo glasbol";"ja";"";"";"4.3917646600000353";"51.188393462000079"
"481";"JAN DE VOSLEI";"23";"2020";"duo glasbol";"ja";"";"";"4.3890570250000565";"51.188236410000059"
"478";"VLAAMSEKUNSTLAAN";"1";"2020";"duo glasbol";"ja";"";"";"4.394602419000023";"51.189144662000047"
"082";"KIELPARK";"";"2020";"mono glasbol wit";"ja";"";"";"4.3862999560000731";"51.190796242000033"
"180";"KIELPARK";"";"2020";"mono glasbol groen";"ja";"";"";"4.3863787720000573";"51.190796230000046"
"505";"JAN DENUCESTRAAT";"";"2020";"duo glasbol";"ja";"";"";"4.3896694840000237";"51.195648770000048"
"501";"VOLHARDINGSTRAAT";"89";"2020";"duo glasbol";"ja";"";"";"4.3905067910000639";"51.193627234000076"
"094";"CAMILLE HUYSMANSLAAN";"39";"2020";"mono glasbol wit";"ja";"";"";"4.3956139450000364";"51.191456179000056"
"181";"CAMILLE HUYSMANSLAAN";"39";"2020";"mono glasbol groen";"ja";"";"";"4.3955207850000306";"51.191438197000082"
"636";"ZAANSTRAAT";"2";"2020";"ondergrondse duo";"ja";"";"";"4.3790856620000227";"51.191382431000079"
"237";"PIETER ROTTIERSTRAAT";"";"2020";"duo glasbol";"ja";"";"";"4.3791577410000286";"51.193151693000061"
"465";"VERT LAROCKSTRAAT";"8";"2020";"duo glasbol";"ja";"";"";"4.3753890690000503";"51.192706311000052"
"473";"ALFONS DE COCKSTRAAT";"60";"2020";"duo glasbol";"ja";"";"";"4.3738196170000379";"51.18973511300004"
"625";"ALFONS DE COCKSTRAAT";"1";"2020";"ondergrondse wit";"ja";"";"";"4.3764630150000698";"51.188897581000049"
"626";"ALFONS DE COCKSTRAAT";"1";"2020";"ondergrondse wit";"ja";"";"";"4.3765489740000589";"51.188870564000069"
"377";"JAN DAVIDLEI";"72";"2020";"duo glasbol";"ja";"";"";"4.3743208600000685";"51.188055851000058"
"008";"KIELSBROEK";"";"2020";"mono glasbol wit";"ja";"containerpark";"";"4.371534979000046";"51.198090834000027"
"197";"KIELSBROEK";"";"2020";"mono glasbol groen";"ja";"containerpark";"";"4.371406008000065";"51.198095342000045"
"193";"KIELSBROEK";"";"2020";"mono glasbol groen";"ja";"containerpark";"";"4.3715063180000584";"51.198027808000063"
"005";"KIELSBROEK";"";"2020";"mono glasbol wit";"ja";"containerpark";"";"4.3713916670000685";"51.198027812000078"
"381";"KIELSBROEK";"22";"2020";"duo glasbol";"ja";"";"";"4.3763716380000233";"51.198090569000044"
"030";"KRONENBURGSTRAAT";"55";"2000";"mono glasbol wit";"ja";"";"";"4.4000705120000703";"51.211790161000067"
"144";"KRONENBURGSTRAAT";"55";"2000";"mono glasbol groen";"ja";"";"";"4.4001502650000361";"51.211790139000072"
"406";"NATIONALSTRAAT";"111";"2000";"duo glasbol";"ja";"<Null>";"";"4.398018511000032";"51.214078129000029"
"418";"KLOOSTERSTRAAT";"143";"2000";"duo glasbol";"ja";"";"";"4.3942969340000673";"51.214367048000042"
"209";"SINT-ANDRIESTRAAT";"24";"2000";"duo glasbol";"ja";"";"";"4.3960850780000555";"51.214959352000051"
"623";"MARIA-HENRIETTALEI";"2";"2018";"ondergrondse duo";"ja";"";"";"4.4100767500000302";"51.211168017000034"
"048";"BRIALMONTLEI";"7";"2018";"mono glasbol wit";"ja";"";"";"4.4185759180000446";"51.210032537000075"
"134";"BRIALMONTLEI";"7";"2018";"mono glasbol groen";"ja";"";"";"4.4185220530000606";"51.209964985000056"
"250";"HEMELSTRAAT";"37";"2018";"duo glasbol";"ja";"";"";"4.4104344030000675";"51.20931493900008"
"256";"JACOB JORDAENSSTRAAT";"91";"2018";"duo glasbol";"ja";"";"";"4.4131944660000499";"51.207956694000075"
"624";"ISABELLALEI";"1";"2018";"ondergrondse duo";"ja";"";"";"4.4150669280000443";"51.206694481000056"
"204";"SINT-VINCENTIUSSTRAAT";"45";"2018";"duo glasbol";"ja";"";"";"4.4136045970000737";"51.205653218000066"
"255";"BELGIELEI";"132";"2018";"duo glasbol";"ja";"";"";"4.4164635700000758";"51.204886179000027"
"213";"MECHELSESTEENWEG";"216";"2018";"duo glasbol";"ja";"";"";"4.4119964670000513";"51.202072150000049"
"273";"BOOMGAARDSTRAAT";"27";"2018";"duo glasbol";"ja";"";"";"4.4183316940000736";"51.199839491000034"
"257";"PRINS ALBERTLEI";"15";"2018";"duo glasbol";"ja";"";"";"4.4129163950000247";"51.198602744000027"
"392";"VICTOR JACOBSLEI";"";"2600";"duo glasbol";"ja";"";"";"4.4251149340000211";"51.197972320000076"
"476";"WEIDESTRAAT";"1";"2600";"duo glasbol";"ja";"";"";"4.4285150920000547";"51.200302089000047"
"629";"DE VILLEGASSTRAAT";"41";"2600";"ondergrondse duo";"ja";"";"";"4.4241531680000321";"51.195770831000061"
"627";"VREDESTRAAT";"150";"2600";"ondergrondse duo";"ja";"";"";"4.4276502990000495";"51.196991159000049"
"369";"HELENALEI";"1";"2018";"duo glasbol";"ja";"";"";"4.4215339710000308";"51.20175843800007"
"305";"UITBREIDINGSTRAAT";"184";"2600";"duo glasbol";"ja";"naast";"";"4.4212543190000702";"51.192451792000043"
"317";"DE WITTESTRAAT";"52";"2600";"duo glasbol";"ja";"";"";"4.415681090000021";"51.193743830000074"
"290";"FRANS VAN HOMBEECKPLEIN";"12";"2600";"duo glasbol";"ja";"";"";"4.4173223230000644";"51.194756845000029"
"633";"VIADUCT-DAM";"2";"2060";"ondergrondse duo";"ja";"";"";"4.4210839090000604";"51.229986283000073"
"643";"FRANS HALSPLEIN";"1";"2000";"ondergrondse wit";"ja";"";"";"4.4115843250000353";"51.220607405000067"
"363";"HOGEWEG";"4";"2600";"duo glasbol";"ja";"";"";"4.4183993630000487";"51.196141754000053"
"615";"UITBREIDINGSTRAAT";"552";"2600";"ondergrondse duo";"ja";"";"";"4.4348816550000265";"51.201855199000079"
"1158";"KIELSBROEK";"22";"2020";"duo glasbol";"ja";"oude container van Sita";"";"4.3763429690000635";"51.198018538000042"
"409";"KIELSEVEST";"";"2020";"duo glasbol";"ja";"";"";"4.3927731810000523";"51.197930628000051"
"366";"DESGUINLEI";"244";"2020";"duo glasbol";"ja";"staat binnen";"";"4.3988876550000668";"51.196885185000042"
"258";"MARKGRAVELEI";"90";"2020";"duo glasbol";"ja";"";"";"4.4024541150000687";"51.198589945000037"
"274";"BOSMANSLEI";"35";"2020";"duo glasbol";"ja";"";"";"4.4027235280000241";"51.194776716000035"
"619";"FRANSENPLAATS";"3";"2020";"ondergrondse duo";"ja";"";"";"4.3979268620000198";"51.200621577000049"
"236";"BROEDERMINSTRAAT";"36";"2020";"duo glasbol";"ja";"";"";"4.3945957740000381";"51.202369135000026"
"401";"LANGE ELSENSTRAAT";"3";"2020";"duo glasbol";"ja";"";"";"4.3938146910000455";"51.202391828000032"
"226";"TROONPLAATS";"";"2020";"duo glasbol";"ja";"";"";"4.3918087080000419";"51.203382678000025"
"460";"MONYIGNYSTRAAT";"115";"2020";"duo glasbol";"ja";"";"";"4.3914704580000716";"51.200609555000028"
"020";"HAANTJESLEI";"128";"2020";"mono glasbol wit";"ja";"<Null>";"";"4.4022699180000586";"51.20140821800004"
"117";"HAANTJESLEI";"128";"2020";"mono glasbol groen";"ja";"";"";"4.4023343920000571";"51.201376685000071"
"047";"LANGE LOZANASTRAAT";"72";"2020";"mono glasbol wit";"ja";"<Null>";"";"4.4045726580000633";"51.204527358000064"
"153";"LANGE LOZANASTRAAT";"72";"2020";"mono glasbol groen";"ja";"";"";"4.4045941200000698";"51.204473331000031"
"472";"SOLVYNSTRAAT";"48";"2020";"duo glasbol";"ja";"";"";"4.4012344670000516";"51.206387656000061"
"461";"VOGELZANGLAAN";"";"2020";"duo glasbol";"ja";"";"";"4.4017885240000396";"51.189919383000074"
"207";"VAN DER ZWEEPSTRAAT";"12";"2000";"duo glasbol";"ja";"";"";"4.3852774810000597";"51.206934965000073"
"285";"VERVIERSSTRAAT";"";"2000";"duo glasbol";"ja";"";"";"4.3883127480000326";"51.208208841000044"
"078";"WAALSEKAAI";"";"2000";"mono glasbol wit";"ja";"";"";"4.3904824360000703";"51.210637825000049"
"142";"WAALSEKAAI";"";"2000";"mono glasbol groen";"ja";"";"";"4.390532768000071";"51.21067292400005"
"031";"VLAAMSEKAAI";"1";"2000";"mono glasbol wit";"ja";"";"";"4.3935126020000439";"51.212083588000041"
"130";"VLAAMSEKAAI";"1";"2000";"mono glasbol groen";"ja";"";"";"4.3935461530000453";"51.212122195000063"
"605";"VERSCHANSINGSTRAAT";"2";"2000";"ondergrondse duo";"ja";"";"";"4.3922363270000346";"51.208527552000078"
"639";"KASTEELSTRAAT";"";"2000";"ondergrondse duo";"ja";"";"";"4.3927101230000289";"51.206189350000045"
"631";"BARON DHANISLAAN";"";"2000";"ondergrondse duo";"ja";"";"";"4.3900735430000282";"51.205951582000068"
"632";"BARON DHANISLAAN";"";"2000";"ondergrondse duo";"ja";"";"";"4.3901168780000717";"51.20596869600007"
"282";"TOLSTRAAT";"45A";"2000";"duo glasbol";"ja";"";"";"4.3995978250000576";"51.209758032000082"
"233";"BEGIJNENVEST";"79";"2000";"duo glasbol";"ja";"";"";"4.4057580190000749";"51.210984926000037"
"519";"BURCHTSE WEEL";"104";"2050";"duo glasbol";"ja";"";"";"4.3534505290000425";"51.212222419000057"
"608";"VARKENSMARKT";"1";"2000";"ondergrondse duo";"ja";"";"";"4.4074613280000676";"51.224873720000062"
"407";"BATAVIASTRAAT";"";"2000";"duo glasbol";"ja";"";"";"4.4039145430000417";"51.231076610000059"
"191";"MARIA PIJPELINCXSTRAAT";"1";"2000";"mono glasbol groen";"ja";"";"";"4.4093273160000308";"51.216220031000034"
"062";"MARIA PIJPELINCXSTRAAT";"1";"2000";"mono glasbol wit";"ja";"";"";"4.4093290200000297";"51.216204993000076"
"638";"ENTREPOTPLAATS";"";"2000";"ondergrondse duo";"ja";"";"";"4.4116608930000325";"51.228060044000074"
"371";"NAPELSSTRAAT";"37";"2000";"duo glasbol";"ja";"<Null>";"";"4.4109401400000365";"51.232655082000065"
"380";"LONDENSTRAAT";"24";"2000";"duo glasbol";"ja";"";"";"4.409462248000068";"51.230954299000075"
"396";"SPITSENSTRAAT";"";"2030";"duo glasbol";"ja";"";"";"4.417272343000036";"51.232097671000076"
"617";"DRUKKERIJSTRAAT";"36";"2000";"ondergrondse duo";"ja";"";"";"4.3992143020000753";"51.216859127000077"
"618";"DRUKKERIJSTRAAT";"38";"2000";"ondergrondse duo";"ja";"";"";"4.3992142620000436";"51.216800765000073"
"402";"VRIJDAGMARKT";"9";"2000";"duo glasbol";"ja";"";"";"4.3990540110000325";"51.218259896000063"
"038";"SINT-JANSVLIET";"2";"2000";"mono glasbol wit";"ja";"";"";"4.3955848820000369";"51.218645952000031"
"137";"SINT-JANSVLIET";"2";"2000";"mono glasbol groen";"ja";"";"";"4.3956344370000693";"51.218630382000072"
"370";"VLASMARKT";"26";"2000";"duo glasbol";"ja";"";"";"4.3975122970000484";"51.219680412000059"
"128";"GROENPLAATS";"26";"2000";"mono glasbol groen";"ja";"";"";"4.401743692000025";"51.219515852000029"
"053";"GROENPLAATS";"26";"2000";"mono glasbol wit";"ja";"";"";"4.4018242310000346";"51.219515829000045"
"607";"OUDE KOORNMARKT";"28";"2000";"ondergrondse duo";"ja";"";"";"4.3998173530000599";"51.220158365000032"
"600";"SUIKERRUI";"34";"2000";"ondergrondse duo";"ja";"";"";"4.3989565210000592";"51.220687726000051"
"601";"GROTE MARKT";"25";"2000";"ondergrondse groen";"ja";"";"";"4.4008660310000209";"51.22132147800005"
"602";"GROTE MARKT";"25";"2000";"ondergrondse duo";"ja";"";"";"4.4008845060000681";"51.22131603400004"
"414";"OUDAAN";"5";"2000";"duo glasbol";"ja";"";"";"4.402989147000028";"51.21591548300006"
"045";"ORGELSTRAAT";"2";"2000";"mono glasbol wit";"ja";"";"";"4.4078078580000692";"51.215827729000068"
"147";"ORGELSTRAAT";"2";"2000";"mono glasbol groen";"ja";"";"";"4.4078873170000747";"51.21582770200007"
"620";"LANGE GASTHUISSTRAAT";"45";"2000";"ondergrondse duo";"ja";"";"";"4.4050174430000766";"51.213750427000036"
"379";"SINT-PIETERSVLIET";"";"2000";"duo glasbol";"ja";"";"";"4.4005405900000483";"51.225987630000077"
"647";"FRANS HALSPLEIN";"1";"2000";"ondergrondse groen";"ja";"";"";"4.4115767860000688";"51.220596172000057"
"410";"JEZUSSTRAAT";"35";"2000";"duo glasbol";"ja";"";"";"4.4134349470000416";"51.218918085000041"
"604";"KEIZERSTRAAT";"71";"2000";"ondergrondse duo";"ja";"";"";"4.4100943320000283";"51.221356595000032"
"276";"FRANKLIN ROOSEVELTPLAATS";"";"2060";"duo glasbol";"ja";"";"";"4.4165736290000268";"51.21991915600006"
"611";"KORTE WINKELHAAKSTRAAT";"";"2060";"ondergrondse duo";"ja";"";"";"4.4233443100000613";"51.219526494000036"
"606";"OFFERANDESTRAAT";"114";"2060";"ondergrondse duo";"ja";"";"";"4.4273895760000528";"51.221321259000035"
"616";"DUINSTRAAT";"15";"2060";"ondergrondse duo";"ja";"";"";"4.4268878580000433";"51.221992388000047"
"449";"SINT-ELISABETHSTRAAT";"57";"2060";"duo glasbol";"ja";"";"";"4.4240036650000434";"51.222704874000044"
"614";"HOLLANSTRAAT";"5";"2060";"ondergrondse duo";"ja";"";"";"4.4198060300000748";"51.224493779000056"
"203";"OSYSTRAAT";"16";"2060";"duo glasbol";"ja";"";"";"4.4183164220000322";"51.222018020000064"
"275";"DE CONINCKPLEIN";"6";"2060";"duo glasbol";"ja";"";"";"4.4204080980000526";"51.221383321000076"
"051";"SINT-JANSPLEIN";"32";"2060";"mono glasbol wit";"ja";"";"";"4.4185016460000384";"51.22482205700004"
"044";"BLANCEFLOERLAAN";"181";"2050";"mono glasbol wit";"ja";"";"";"4.3709795860000327";"51.219120423000049"
"143";"BLANCEFLOERLAAN";"181";"2050";"mono glasbol groen";"ja";"";"";"4.3710406020000505";"51.219120206000071"
"648";"BREYDELSTRAAT";"26";"2018";"ondergrondse groen";"ja";"";"";"4.4192488300000718";"51.21829548200003"
"387";"ACHTURENDAGSTRAAT";"27";"2660";"duo glasbol";"ja";"";"";"4.3380639720000431";"51.171337793000077"
"649";"MARIA-HENRIETTALEI";"113";"2660";"ondergrondse duo";"ja";"";"";"4.3519180200000278";"51.181325426000058"
"129";"SINT-JANSPLEIN";"31";"2060";"mono glasbol groen";"ja";"";"";"4.4185705740000571";"51.224825119000059"
"152";"SINT-JANSPLEIN";"61";"2060";"mono glasbol groen";"ja";"";"";"4.4169616150000479";"51.225815128000079"
"046";"SINT-JANSPLEIN";"61";"2060";"mono glasbol wit";"ja";"";"";"4.4170108530000221";"51.225824383000031"
"231";"VAN DE WERVESTRAAT";"";"2060";"duo glasbol";"ja";"";"";"4.4157289190000597";"51.228867083000068"
"206";"ELLERMANSTRAAT";"36";"2060";"duo glasbol";"ja";"";"";"4.417271233000065";"51.229892862000042"
"442";"ORANJESTRAAT";"94";"2060";"duo glasbol";"ja";"";"";"4.4231286520000594";"51.227951800000028"
"436";"EVERAERTSSTRAAT";"72";"2060";"duo glasbol";"ja";"";"";"4.4251465050000434";"51.227177923000056"
"637";"OSSENMARKT";"31";"2000";"ondergrondse duo";"ja";"";"";"4.4134352560000707";"51.221903357000031"
"228";"MARIA-THERESIALEI";"1";"2018";"duo glasbol";"ja";"";"";"4.4153352740000287";"51.215071629000079"
"635";"BREYDELSTRAAT";"26";"2018";"ondergrondse wit";"ja";"";"";"4.4192543890000593";"51.218326795000053"
"621";"VIADUCTDAM";"86";"2060";"ondergrondse duo";"ja";"<Null>";"";"4.4244272700000238";"51.23213915000008"
"622";"DAMPLEIN";"27";"2060";"ondergrondse duo";"ja";"";"";"4.4258509040000718";"51.231719410000039"
"354";"NOORDSCHIPPERSDOK";"";"2060";"duo glasbol";"ja";"";"";"4.4301063030000591";"51.233656579000069"
"372";"KALVERSTRAAT";"4";"2060";"duo glasbol";"nee";"";"";"4.4318903590000218";"51.230643216000033"
"393";"KALVERSTRAAT";"";"2060";"duo glasbol";"ja";"";"";"4.4323892730000694";"51.229598217000046"
"475";"KALVERSTRAAT";"6";"2060";"duo glasbol";"ja";"";"";"4.437404789000027";"51.227269687000046"
"050";"NOORDERSINGEL";"";"2140";"mono glasbol wit";"ja";"containerpark";"";"4.446661104000043";"51.224022522000041"
"148";"NOORDERSINGEL";"";"2140";"mono glasbol groen";"ja";"containerpark";"";"4.4467037890000256";"51.224039545000039"
"425";"GULDENSPORENSTRAAT";"4";"2140";"duo glasbol";"ja";"";"";"4.4414015620000669";"51.223050777000026"
"628";"GROENINGERPLEIN";"";"2140";"ondergrondse duo";"ja";"";"";"4.4388466530000414";"51.219893715000069"
"445";"JAN BORLUUTPLEIN";"4";"2140";"duo glasbol";"ja";"";"";"4.4410837230000766";"51.219915893000064"
"431";"HELMSTRAAT";"163";"2140";"duo glasbol";"ja";"";"";"4.4388496970000233";"51.218562539000061"
"451";"WIJNEGEMSTRAAT";"40";"2140";"duo glasbol";"ja";"";"";"4.4435803240000382";"51.218993567000041"
"373";"HOF TER LO";"6B";"2140";"duo glasbol";"ja";"";"";"4.4462417850000406";"51.218983033000029"
"389";"HOF TER LO";"";"2140";"duo glasbol";"ja";"";"";"4.4482801360000508";"51.22045660100008"
"422";"NIJVERHEIDSTRAAT";"";"2140";"duo glasbol";"ja";"";"";"4.4277853070000219";"51.226395741000033"
"390";"CARNOTSTRAAT";"91";"2060";"duo glasbol";"ja";"";"";"4.4256607760000293";"51.218274361000056"
"417";"CARNOTSTRAAT";"129";"2060";"duo glasbol";"ja";"";"";"4.4274495730000467";"51.217812730000048"
"650";"PLOEGSTRAAT";"10";"2018";"ondergrondse duo";"ja";" ";"";"4.4236967870000399";"51.214523664000069"
"603";"KERKSTRAAT";"80";"2060";"ondergrondse duo";"ja";"";"";"4.4315124210000363";"51.218739507000066"
"642";"MAARSCHALK MONTGOMERYPLEIN";"4";"2140";"ondergrondse duo";"ja";"";"";"4.4377100090000567";"51.211774761000072"
"355";"Luitenant Naeyaertplein";"30";"2140";"duo glasbol";"ja";"";"";"4.4392113110000651";"51.210277402000031"
"386";"FONTEINSTRAAT";"50";"2140";"duo glasbol";"ja";"";"";"4.4422607380000727";"51.211642680000068"
"398";"GRAVINSTRAAT";"48";"2140";"duo glasbol";"ja";"";"";"4.4438286960000255";"51.215027745000043"
"443";"DELAREYSTRAAT";"3";"2140";"duo glasbol";"ja";"";"";"4.4408300610000424";"51.215790010000035"
"052";"Drink";"";"2140";"mono glasbol wit";"ja";"";"";"4.435067641000046";"51.214950673000033"
"135";"Drink";"";"2140";"mono glasbol groen";"ja";"";"";"4.4350915530000634";"51.214988123000069"
"453";"LAAR";"29";"2140";"duo glasbol";"ja";"";"";"4.4343127700000764";"51.21671905200003"
"424";"LANGE BEELDEKENSSTRAAT";"322";"2060";"duo glasbol";"ja";"<Null>";"";"4.4364978210000459";"51.222563667000031"
"609";"POTHOEKSTRAAT";"98";"2060";"ondergrondse duo";"ja";"<Null>";"";"4.4365879390000487";"51.223460296000042"
"612";"FRANS DE CORTSTRAAT";"3";"2060";"ondergrondse duo";"ja";"";"";"4.4333476310000606";"51.224201153000081"
"613";"LANGE STUIVENBERGSTRAAT";"82";"2060";"ondergrondse duo";"ja";"";"";"4.4317826900000341";"51.224387895000064"
"440";"POMPOENSTRAAT";"2";"2060";"duo glasbol";"ja";"";"";"4.4334107590000258";"51.226975356000025"
"281";"STUIVENBERGPLEIN";"";"2060";"duo glasbol";"nee";"";"";"4.4308650880000755";"51.227151015000061"
"029";"WILGENSTRAAT";"";"2060";"mono glasbol wit";"ja";"";"";"4.4271104500000433";"51.225305792000029"
"132";"WILGENSTRAAT";"";"2060";"mono glasbol groen";"ja";"";"";"4.4271511670000336";"51.225310419000039"
"651";"COREMANSSTRAAT";" ";"2600";"ondergrondse duo";"ja";" ";"";"4.4213786580000374";"51.189830157000074"
"367";"ELISABETHLAAN";"42";"2600";"duo glasbol";"ja";"<Null>";"";"4.4233309270000518";"51.187850708000042"
"400";"FLORALIENLAAN";"";"2600";"duo glasbol";"nee";"";"";"4.418650446000072";"51.186703062000049"
"221";"FLORALIENLAAN";"298";"2600";"duo glasbol";"ja";"";"";"4.4239535490000321";"51.181994002000067"
"644";"STRIJDHOFLAAN";"116";"2600";"ondergrondse duo";"ja";"";"";"4.4282625270000722";"51.183138647000078"
"263";"FRUITHOFLAAN";"11";"2600";"duo glasbol";"ja";"";"";"4.4345968910000693";"51.180485757000042"
"202";"RINGLAAN";"1";"2600";"duo glasbol";"ja";"";"";"4.4326919820000512";"51.17981111000006"
"054";"DE ROEST D'ALKEMADELAAN";"";"2600";"mono glasbol wit";"ja";"";"";"4.4328376410000487";"51.183379039000044"
"175";"DE ROEST D'ALKEMADELAAN";"";"2600";"mono glasbol groen";"ja";"";"";"4.4328476320000618";"51.18334430200008"
"286";"ROOIPLEIN";"6";"2600";"duo glasbol";"ja";"achterkant";"";"4.4355218790000208";"51.185010802000079"
"056";"FLOR ALPAERTSSTRAAT";"";"2600";"mono glasbol wit";"ja";"";"";"4.4388605980000762";"51.182854560000067"
"163";"FLOR ALPAERTSSTRAAT";"";"2600";"mono glasbol groen";"ja";"";"";"4.4388957220000407";"51.182826117000047"
"055";"FRUITHOFLAAN";"99";"2600";"mono glasbol wit";"ja";"";"";"4.4414154170000302";"51.184535947000029"
"169";"FRUITHOFLAAN";"99";"2600";"mono glasbol groen";"ja";"";"";"4.4414455260000523";"51.184510670000066"
"374";"SPOORWEGSTRAAT";"79";"2600";"duo glasbol";"nee";"";"";"4.4408711360000552";"51.189856708000036"
"069";"KANUNNIK PEETERSSTRAAT";"82";"2600";"mono glasbol wit";"ja";"<Null>";"";"4.4329325200000653";"51.190139234000071"
"171";"KANUNNIK PEETERSSTRAAT";"82";"2600";"mono glasbol groen";"ja";"";"";"4.4329525820000413";"51.190104491000056"
"352";"HENRI PROSTLAAN";"5";"2600";"duo glasbol";"ja";"";"";"4.4297799800000348";"51.188600074000078"
"357";"POLYGOONSTRAAT";"49";"2600";"duo glasbol";"nee";"";"";"4.4325100110000335";"51.19343275600005"
"058";"ARBEIDERSSTRAAT";"";"2600";"mono glasbol wit";"ja";"containerpark";"";"4.4374861410000221";"51.19430453800004"
"158";"ARBEIDERSSTRAAT";"";"2600";"mono glasbol groen";"ja";"containerpark";"";"4.4374308990000486";"51.194326673000035"
"057";"ARBEIDERSSTRAAT";"";"2600";"mono glasbol wit";"ja";"containerpark";"";"4.4374509220000391";"51.19427614600005"
"172";"ARBEIDERSSTRAAT";"";"2600";"mono glasbol groen";"ja";"containerpark";"";"4.4373956850000695";"51.194301436000046"
"261";"CORNEEL VAN REETHSTRAAT";"7";"2600";"duo glasbol";"ja";"";"";"4.4377225930000463";"51.197821863000058"
"278";"EDELGESTEENTENSTRAAT";"85";"2600";"duo glasbol";"ja";"";"";"4.4414452070000721";"51.196995482000034"
"316";"DIANALAAN";"176";"2600";"duo glasbol";"ja";"";"";"4.4443123420000461";"51.19553804800006"
"397";"PASSENDALESTRAAT";"40";"2600";"duo glasbol";"ja";"";"";"4.4466285490000246";"51.195268132000081"
"176";"DIANALAAN";"82";"2600";"mono glasbol groen";"ja";"";"";"4.444315930000073";"51.197716720000074"
"071";"DIANALAAN";"82";"2600";"mono glasbol wit";"ja";"";"";"4.4442959030000679";"51.197760938000044"
"324";"DIKSMUIDELAAN";"24";"2600";"duo glasbol";"ja";"";"";"4.4390082640000514";"51.200527081000075"
"365";"VOSSTRAAT";"338";"2100";"duo glasbol";"ja";"";"";"4.4487912960000244";"51.190577749000056"
"498";"POTVLIETLAAN";"7";"2600";"duo glasbol";"ja";"";"";"4.4424216210000509";"51.204165565000039"
"074";"FRANS DE VRIENDTSTRAAT";"59";"2140";"mono glasbol wit";"ja";"";"";"4.4444268310000439";"51.204012713000054"
"162";"FRANS DE VRIENDTSTRAAT";"59";"2140";"mono glasbol groen";"ja";"";"";"4.4443865730000311";"51.203981163000037"
"156";"TER HEYDELAAN";"235";"2100";"mono glasbol groen";"ja";"";"";"4.4688409120000756";"51.228267046000042"
"018";"TER HEYDELAAN";"235";"2100";"mono glasbol wit";"ja";"";"";"4.4687719360000528";"51.228245461000029"
"025";"BARON LEROYSTRAAT";"142";"2100";"mono glasbol wit";"ja";"";"";"4.4723007210000674";"51.225665829000036"
"103";"BARON LEROYSTRAAT";"142";"2100";"mono glasbol groen";"ja";"";"";"4.472368958000061";"51.225690739000072"
"070";"TER RIVIERENLAAN";"111";"2100";"mono glasbol wit";"ja";"";"";"4.469359612000062";"51.223866929000053"
"119";"TER RIVIERENLAAN";"111";"2100";"mono glasbol groen";"ja";"";"";"4.4693540230000508";"51.223909745000071"
"012";"VENNEBORGLAAN";"148";"2100";"ondergrondse wit";"ja";"";"";"4.4756541960000504";"51.223893444000055"
"126";"VENNEBORGLAAN";"148";"2100";"mono glasbol groen";"ja";"";"";"4.4757054090000565";"51.223929072000033"
"016";"RUGGEVELDLAAN";"618";"2100";"mono glasbol wit";"ja";"";"";"4.4790740960000335";"51.223875992000046"
"118";"RUGGEVELDLAAN";"618";"2100";"mono glasbol groen";"ja";"";"";"4.4791479430000436";"51.223875922000047"
"075";"RUGGEVELDLAAN";"664";"2100";"mono glasbol wit";"ja";"";"";"4.4790613170000597";"51.225659643000029"
"146";"RUGGEVELDLAAN";"664";"2100";"mono glasbol groen";"ja";"";"";"4.4791408640000441";"51.225659568000026"
"063";"RUGGEVELDLAAN";"711";"2100";"mono glasbol wit";"ja";"";"";"4.4789991570000325";"51.228171066000073"
"115";"RUGGEVELDLAAN";"711";"2100";"mono glasbol groen";"ja";"";"";"4.4790786940000658";"51.22817099100007"
"295";"EUGEEN FAHYLAAN";"";"2100";"duo glasbol";"ja";"";"";"4.4830488730000297";"51.232273103000068"
"019";"TER HEYDELAAN";"";"2100";"mono glasbol wit";"ja";"";"";"4.479315118000045";"51.231991312000048"
"122";"TER HEYDELAAN";"";"2100";"mono glasbol groen";"ja";"";"";"4.4793152380000265";"51.232041252000045"
"318";"BISSCHOPPENHOFLAAN";"533";"2100";"duo glasbol";"ja";"";"";"4.4741518610000526";"51.235192353000059"
"323";"KEESINGLAAN";"13";"2100";"duo glasbol";"ja";"";"";"4.4647646200000395";"51.235193310000056"
"296";"AUGUST VAN DE WIELELEI";"224";"2100";"duo glasbol";"ja";"";"";"4.4833016460000295";"51.219796665000047"
"302";"AUGUST VAN DE WIELELEI";"263";"2100";"duo glasbol";"ja";"";"";"4.4863117150000562";"51.220849483000052"
"218";"TER HEYDELAAN";"36";"2100";"duo glasbol";"ja";"";"";"4.4580350010000416";"51.225398643000062"
"495";"LAKBORSLEI";"10";"2100";"duo glasbol";"ja";"";"";"4.4546361850000267";"51.220394741000064"
"059";"TEN EEKHOVELEI";"32";"2100";"mono glasbol wit";"ja";"";"";"4.4525196070000561";"51.225013226000044"
"112";"TEN EEKHOVELEI";"32";"2100";"mono glasbol groen";"ja";"";"";"4.4525320950000378";"51.225063849000037"
"293";"JOZEF NELLENSLEI";"1";"2100";"duo glasbol";"ja";"";"";"4.4514855360000638";"51.226053957000033"
"028";"FRANK CRAEYBECKXLAAN";"25";"2100";"mono glasbol wit";"ja";"";"";"4.4592685280000524";"51.221779125000069"
"113";"FRANK CRAEYBECKXLAAN";"25";"2100";"mono glasbol groen";"ja";"";"";"4.4593491790000712";"51.221782955000037"
"061";"GALLIFORTLEI";"39";"2100";"mono glasbol wit";"ja";"";"";"4.4619779600000697";"51.221192727000073"
"125";"GALLIFORTLEI";"39";"2100";"mono glasbol groen";"ja";"";"";"4.4619344540000725";"51.221153806000075"
"205";"CORNELIS SCHUTSTRAAT";"22";"2100";"duo glasbol";"ja";"";"";"4.4622335160000262";"51.224857820000068"
"315";"BISSCHOPPENHOFLAAN";"68";"2100";"duo glasbol";"ja";"";"";"4.4463499610000667";"51.230186305000075"
"313";"VAN AMSTELSTRAAT";"28";"2100";"duo glasbol";"ja";"";"";"4.4444928970000319";"51.232672606000051"
"307";"VAN AMSTELSTRAAT";"129";"2100";"duo glasbol";"ja";"";"";"4.4483893520000493";"51.232790754000064"
"322";"VAN DUYSTSTRAAT";"255";"2100";"duo glasbol";"ja";"";"";"4.4527632270000481";"51.232721463000075"
"131";"VAN HEETVELDELEI";"127";"2100";"mono glasbol groen";"ja";"";"";"4.4513558350000721";"51.229812828000036"
"060";"VAN HEETVELDELEI";"129";"2100";"mono glasbol wit";"ja";"";"";"4.4514178740000716";"51.229816676000041"
"072";"MERKSEMSESTEENWEG";"";"2100";"mono glasbol wit";"ja";"containerpark";"";"4.4563697220000336";"51.236941096000066"
"177";"MERKSEMSESTEENWEG";"";"2100";"mono glasbol groen";"ja";"containerpark";"";"4.4564068750000274";"51.236902112000053"
"066";"MERKSEMSESTEENWEG";"";"2100";"mono glasbol wit";"ja";"containerpark";"";"4.4564502340000445";"51.236859232000029"
"173";"MERKSEMSESTEENWEG";"";"2100";"mono glasbol groen";"ja";"containerpark";"";"4.4564811870000653";"51.236820263000027"
"039";"GIJSBRECHT VAN DEURNELAAN";"19";"2100";"mono glasbol wit";"ja";"";"";"4.4606595000000766";"51.231866374000049"
"154";"GIJSBRECHT VAN DEURNELAAN";"19";"2100";"mono glasbol groen";"ja";"";"";"4.4607277700000623";"51.231878005000056"
"303";"SINT-FREDEGANDUSSTRAAT";"1";"2100";"duo glasbol";"ja";"";"";"4.4590124960000708";"51.230379726000081"
"223";"BOSUIL";"77";"2100";"duo glasbol";"ja";"";"";"4.4643093480000289";"51.229756191000035"
"291";"CONFORTALEI";"131";"2100";"duo glasbol";"ja";"";"";"4.4570794950000732";"51.228519346000041"
"023";"BLIVENSSTRAAT";"54";"2100";"mono glasbol wit";"ja";"";"";"4.4614072860000533";"51.22733966900006"
"170";"BLIVENSSTRAAT";"54";"2100";"mono glasbol groen";"ja";"";"";"4.4614755590000641";"51.227355192000061"
"219";"HAVIKLAAN";"67";"2100";"duo glasbol";"ja";"";"";"4.4869739490000597";"51.224775813000065"
"308";"KONINGSARENDLAAN";"48";"2100";"duo glasbol";"ja";"";"";"4.4841711250000458";"51.223991957000067"
"225";"SINT-BARTHOLOMEUSSTRAAT";"118";"2100";"duo glasbol";"ja";"";"";"4.4472280050000563";"51.243093099000077"
"230";"STRAALSTRAAT";"1";"2170";"duo glasbol";"ja";"";"";"4.4532130420000726";"51.241839581000079"
"239";"DOKTER MAURICE TIMMERMANSLAAN";"15";"2170";"duo glasbol";"ja";"";"";"4.4516520810000202";"51.248525645000029"
"084";"VICTOR ROOSENSPLEIN";"45";"2170";"mono glasbol wit";"ja";"";"";"4.4551371500000414";"51.24927371900003"
"178";"VICTOR ROOSENSPLEIN";"45";"2170";"mono glasbol groen";"ja";"";"";"4.4552253970000493";"51.249248468000076"
"388";"EETHUISSTRAAT";"120";"2170";"duo glasbol";"ja";"";"";"4.4646658580000462";"51.249593728000036"
"002";"VAN PRAETLEI";"252";"2170";"mono glasbol wit";"ja";"";"";"4.4636065230000668";"51.253599499000075"
"121";"VAN PRAETLEI";"252";"2170";"mono glasbol groen";"ja";"";"";"4.4636548060000223";"51.253654881000045"
"338";"BREDABAAN";"783a";"2170";"duo glasbol";"ja";"";"";"4.4570763590000411";"51.251720553000041"
"004";"BREDABAAN";"833";"2170";"mono glasbol wit";"ja";"";"";"4.459888061000072";"51.252781336000055"
"188";"BREDABAAN";"833";"2170";"mono glasbol groen";"ja";"";"";"4.4599603870000237";"51.252821574000052"
"413";"RINGLAAN";"37";"2170";"duo glasbol";"ja";"";"";"4.4568805350000389";"51.254249592000065"
"331";"RINGLAAN";"110";"2170";"duo glasbol";"ja";"";"";"4.4531157800000756";"51.254423658000064"
"248";"CATERSHOFLAAN";"52";"2170";"duo glasbol";"ja";"";"";"4.4508343520000722";"51.253578968000056"
"450";"MELGESDREEF";"42";"2170";"duo glasbol";"ja";"";"";"4.45855300300002";"51.255623587000059"
"360";"CATERSHOFLAAN";"151";"2170";"duo glasbol";"ja";"";"";"4.4527845020000427";"51.257637898000041"
"426";"LANGE BREMSTRAAT";"70";"2170";"duo glasbol";"ja";"staat aan achterzijde";"";"4.4505240090000484";"51.259614247000059"
"272";"FORTSTEENWEG";"120";"2170";"duo glasbol";"ja";"";"";"4.4593477720000578";"51.263753676000078"
"265";"FORTSTEENWEG";"";"2170";"duo glasbol";"ja";"sportveld";"";"4.4618456090000223";"51.260119592000081"
"438";"LAAGLANDLAAN";"307";"2170";"duo glasbol";"ja";"";"";"4.4456339050000224";"51.25927501700005"
"454";"WINTERKONINGSTRAAT";"54";"2170";"duo glasbol";"ja";"";"";"4.4422364470000275";"51.258451047000051"
"437";"LAARSEBAAN";"";"2170";"duo glasbol";"ja";"aan sportvelden";"";"4.438522760000069";"51.260780711000052"
"271";"MAANTJESSTEENWEG";"92";"2170";"duo glasbol";"ja";"";"";"4.4432349360000671";"51.255327094000052"
"376";"KORTE BREMSTRAAT";"2";"2170";"duo glasbol";"ja";"";"";"4.4472508740000762";"51.256452879000051"
"089";"KROONPLEIN";"35";"2170";"mono glasbol wit";"ja";"";"";"4.4483939420000524";"51.251633502000061"
"157";"KROONPLEIN";"35";"2170";"mono glasbol groen";"ja";"";"";"4.4484387280000419";"51.251641147000043"
"346";"TERLINDENHOFSTRAAT";"296";"2170";"duo glasbol";"ja";"";"";"4.443716241000061";"51.250193448000061"
"347";"RODELOOPSTRAAT";"23";"2170";"duo glasbol";"ja";"";"";"4.4412691650000511";"51.250955679000072"
"090";"MAANTJESSTEENWEG";"133";"2170";"mono glasbol wit";"ja";"";"";"4.4379442300000278";"51.255179235000071"
"200";"MAANTJESSTEENWEG";"133";"2170";"mono glasbol groen";"ja";"";"";"4.4379443070000661";"51.255229605000068"
"433";"ZWAANTJESLEI";"93";"2170";"duo glasbol";"ja";"";"";"4.4502032780000604";"51.260410805000049"
"229";"VAN HEYBEECKSTRAAT";"9";"2170";"duo glasbol";"ja";"";"";"4.4486167080000314";"51.247144879000075"
"439";"WULPSTRAAT";"41";"2170";"duo glasbol";"ja";"";"";"4.4317410690000543";"51.259055507000028"
"335";"BERGEN OP ZOOMLAAN";"41";"2170";"duo glasbol";"ja";"";"";"4.4275515720000271";"51.249979518000032"
"525";"NOORDERLAAN";"29";"2030";"duo glasbol";"ja";"";"";"4.4196796430000518";"51.242667570000037"
"522";"NOORDERLAAN";"100";"2030";"duo glasbol";"ja";"";"";"4.4207553410000742";"51.243990611000072"
"527";"GROENENDAALLAAN";"348";"2030";"duo glasbol";"ja";"";"";"4.4220218880000743";"51.245136260000038"
"488";"CANADALAAN";"154";"2030";"duo glasbol";"ja";"";"";"4.4216538340000398";"51.250250720000054"
"528";"COLUMBIASTRAAT";"112";"2030";"duo glasbol";"ja";"";"";"4.4231773610000573";"51.253166758000077"
"512";"CANADALAAN";"254";"2030";"duo glasbol";"ja";"";"";"4.4218555470000638";"51.256016684000031"
"507";"LIVERPOOLLAAN";"10";"2030";"duo glasbol";"ja";"";"";"4.4235757050000757";"51.256807497000068"
"509";"GENERAAL SIMONDSLAAN";"8";"2030";"duo glasbol";"ja";"";"";"4.4214934450000669";"51.259485468000037"
"517";"PHILADELPHIASTRAAT";"36";"2030";"duo glasbol";"ja";"";"";"4.4258165550000399";"51.260200112000064"
"165";"NOORDERLAAN";"500";"2030";"mono glasbol groen";"ja";"containerpark";"";"4.4193918340000664";"51.262882594000075"
"151";"NOORDERLAAN";"500";"2030";"mono glasbol groen";"ja";"containerpark";"";"4.4194395950000285";"51.262880083000027"
"077";"NOORDERLAAN";"500";"2030";"mono glasbol wit";"ja";"containerpark";"";"4.419387812000025";"51.262847640000075"
"065";"NOORDERLAAN";"500";"2030";"mono glasbol wit";"ja";"containerpark";"";"4.4194395580000219";"51.26284761800008"
"403";"RENAAT VEREMANSSTRAAT";"8";"2030";"duo glasbol";"ja";"";"";"4.4175383730000704";"51.268833265000069"
"634";"PATER STRACKESTRAAT";"10";"2030";"ondergrondse duo";"ja";"";"";"4.4143697910000697";"51.270218417000081"
"482";"HERMAN VOSSTRAAT";"1";"2030";"duo glasbol";"ja";"";"";"4.411667115000057";"51.271924917000035"
"350";"FERDINAND VERBIESTSTRAAT";"71";"2030";"duo glasbol";"ja";"";"";"4.4164955270000519";"51.272813119000034"
"515";"EDUARD VAN BENEDENSTRAAT";"4";"2030";"duo glasbol";"ja";"";"";"4.4110012160000451";"51.274144758000034"
"349";"KRUISBOOGSTRAAT";"29";"2030";"duo glasbol";"ja";"";"";"4.4094589130000372";"51.277640044000066"
"469";"TWEEKRONENSTRAAT";"106";"2030";"duo glasbol";"ja";"";"";"4.4099252510000611";"51.282153790000052"
"490";"WILGEHOEVESTRAAT";"29";"2180";"duo glasbol";"ja";"";"";"4.4149232310000457";"51.285397468000042"
"353";"VIC HEYMANSTRAAT";"38";"2180";"duo glasbol";"ja";"";"";"4.418645146000074";"51.28378332300008"
"182";"KLOOSTERSTRAAT";"84";"2180";"mono glasbol groen";"ja";"";"";"4.4170438480000485";"51.282504349000078"
"083";"KLOOSTERSTRAAT";"84";"2180";"mono glasbol wit";"ja";"";"";"4.41699688500006";"51.28249530800008"
"179";"GEESTENSPOOR";"5";"2180";"mono glasbol groen";"ja";"";"";"4.420606805000034";"51.281103101000042"
"081";"GEESTENSPOOR";"5";"2180";"mono glasbol wit";"ja";"";"";"4.4206537510000317";"51.281098550000081"
"526";"KRISTUS-KONINGPLEIN";"6";"2180";"duo glasbol";"ja";"";"";"4.4194224580000423";"51.278036974000031"
"529";"GROOT HAGELKRUIS";"6";"2180";"duo glasbol";"ja";"";"";"4.4168659080000339";"51.278176226000028"
"358";"EDISONLAAN";"1";"2030";"duo glasbol";"ja";"";"";"4.4120925130000614";"51.290082333000043"
"391";"GROTEHONDSTRAAT";"1";"2018";"duo glasbol";"ja";"";"";"4.4265565850000712";"51.206179831000043"
"640";"DAGERAADPLAATS";"5";"2018";"ondergrondse duo";"ja";"";"";"4.4306296180000686";"51.207179640000049"
"155";"KORTE ALTAARSTRAAT";"1";"2018";"mono glasbol groen";"ja";"";"";"4.43095364200002";"51.207060001000059"
"037";"KORTE ALTAARSTRAAT";"1";"2018";"mono glasbol wit";"ja";"";"";"4.4309968480000634";"51.207043682000062"
"470";"DOOR VERSTRAETEPLAATS";"1";"2018";"duo glasbol";"ja";"";"";"4.4323372190000327";"51.207897108000054"
"467";"VANDENPEEREBOOMSTRAAT";"100";"2140";"duo glasbol";"ja";"<Null>";"";"4.4363333020000368";"51.209307688000081"
"368";"KOXPLEIN";"";"2140";"duo glasbol";"ja";"";"";"4.4339411380000229";"51.211282801000038"
"399";"BLEEKHOFSTRAAT";"119";"2140";"duo glasbol";"ja";"";"";"4.4323721740000224";"51.211453860000063"
"383";"VAN DER MEYDENSTRAAT";"";"2140";"duo glasbol";"ja";"";"";"4.4276513040000509";"51.210225373000071"
"306";"KORTE LOZANASTRAAT";"";"2018";"duo glasbol";"ja";"";"";"4.4088526700000443";"51.195404598000039"
"262";"LANGE LOZANASTRAAT";"187";"2018";"duo glasbol";"ja";"";"";"4.4066092030000732";"51.200799213000039"
"394";"LANGE LEEMSTRAAT";"387";"2018";"duo glasbol";"ja";"<Null>";"";"4.4257862400000363";"51.203761887000041"
"645";"OUDELEEUWENRUI";"1";"2000";"ondergrondse wit";"ja";"";"";"4.4055597660000672";"51.226986122000028"
"646";"OUDELEEUWENRUI";"4";"2000";"ondergrondse groen";"ja";"";"";"4.405555692000064";"51.226905606000059"
"064";"BEATRIJSLAAN";"";"2050";"mono glasbol wit";"ja";"";"";"4.38176849000007";"51.21457386600008"
"141";"BEATRIJSLAAN";"";"2050";"mono glasbol groen";"ja";"";"";"4.381801830000029";"51.214556334000065"
"480";"BEATRIJSLAAN";"";"2050";"duo glasbol";"ja";"";"";"4.3818379190000201";"51.214540645000056"
"336";"BEATRIJSLAAN";"12";"2050";"duo glasbol";"ja";"";"";"4.3866504350000355";"51.219441604000053"
"332";"HANEGRAEFSTRAAT";"22";"2050";"duo glasbol";"ja";"";"";"4.3806196440000349";"51.219186771000068"
"099";"BLANCEFLOERLAAN";"177";"2050";"mono glasbol wit";"ja";"";"";"4.3727429010000378";"51.219859223000071"
"159";"BLANCEFLOERLAAN";"177";"2050";"mono glasbol groen";"ja";"";"";"4.3728659780000498";"51.219859217000078"
"530";"LODE ZIELENSLAAN";"";"2050";"duo glasbol";"ja";"";"";"4.3784995430000322";"51.221636515000057"
"079";"CAREL VAN MANDERSTRAAT";"";"2050";"mono glasbol wit";"ja";"";"";"4.3828649460000406";"51.223871522000081"
"189";"CAREL VAN MANDERSTRAAT";"";"2050";"mono glasbol groen";"ja";"";"";"4.3829974940000511";"51.223865563000061"
"301";"LODE ZIELENSLAAN";"";"2050";"duo glasbol";"ja";"";"";"4.3818512170000758";"51.221838304000073"
"136";"FREDERIK VAN EDENPLEIN";"";"2050";"mono glasbol groen";"ja";"";"";"4.3864626190000422";"51.223228895000034"
"095";"FREDERIK VAN EDENPLEIN";"";"2050";"mono glasbol wit";"ja";"";"";"4.3864531890000649";"51.223306188000038"
"337";"HALEWIJNLAAN";"43";"2050";"duo glasbol";"ja";"";"";"4.3788223110000217";"51.225215652000031"
"531";"PAUL HOUSMANSSTRAAT";"";"2050";"duo glasbol";"ja";"";"";"4.3778189360000397";"51.226482126000064"
"342";"JULIUS VUYLSTEKELAAN";"5";"2050";"duo glasbol";"ja";"";"";"4.3788705220000566";"51.228729411000074"
"277";"AUGUST VERMEYLENLAAN";"";"2050";"duo glasbol";"ja";"";"";"4.3770524160000264";"51.228670114000067"
"259";"AUGUST VERMEYLENLAAN";"";"2050";"duo glasbol";"ja";"";"";"4.3783881740000652";"51.23125626500007"
"503";"AUGUST VERMEYLENLAAN";"";"2050";"duo glasbol";"ja";"";"";"4.3778678220000415";"51.233414507000077"
"093";"ESMOREITLAAN";"";"2050";"mono glasbol wit";"ja";"";"";"4.3851503710000657";"51.23328284400003"
"199";"ESMOREITLAAN";"";"2050";"mono glasbol groen";"ja";"";"";"4.3852640060000567";"51.233282827000039"
"092";"GLORIANTLAAN";"";"2050";"mono glasbol wit";"ja";"";"";"4.3858394900000235";"51.227705918000026"
"185";"GLORIANTLAAN";"";"2050";"mono glasbol groen";"ja";"";"";"4.3858205180000596";"51.227622679000035"
"524";"THONETLAAN";"56";"2050";"duo glasbol";"ja";"";"";"4.3919653990000711";"51.23072551100006"
"341";"JACHTHAVENWEG";"2";"2050";"duo glasbol";"ja";"";"";"4.3927361150000479";"51.233519281000042"
"521";"KASTANJEDREEF";"";"2050";"duo glasbol";"ja";"";"";"4.3909659180000631";"51.234982221000053"
"329";"DWARSLAAN";"9";"2050";"duo glasbol";"ja";"";"";"4.350181156000076";"51.222010329000057"
"284";"BERCHEMLEI";"226";"2140";"duo glasbol";"ja";"";"";"4.446687207000025";"51.203174484000044"
"017";"BERCHEMLEI";"69";"2140";"mono glasbol wit";"ja";"";"";"4.4491198270000609";"51.206033523000031"
"120";"BERCHEMLEI";"69";"2140";"mono glasbol groen";"ja";"";"";"4.4490594790000273";"51.206020935000026"
"404";"BIKSCHOTELAAN";"230";"2140";"duo glasbol";"ja";"";"";"4.4494049280000354";"51.196649226000034"
"359";"SAFFIERSTRAAT";"129";"2600";"duo glasbol";"ja";"";"";"4.4394713070000762";"51.194452069000079"
"311";"MARSSTRAAT";"";"2600";"duo glasbol";"ja";"";"";"4.4405890620000719";"51.202240952000068"
"217";"KAREL DE PRETERLEI";"110";"2140";"duo glasbol";"ja";"";"";"4.4501660300000481";"51.20359867600007"
"003";"KAREL DE PRETERLEI";"222";"2140";"mono glasbol wit";"ja";"";"";"4.4503057460000264";"51.200197952000053"
"107";"KAREL DE PRETERLEI";"222";"2140";"mono glasbol groen";"ja";"";"";"4.4503107150000574";"51.200160053000047"
"076";"VOSSTRAAT";"19";"2140";"mono glasbol wit";"ja";"";"";"4.4531614810000519";"51.198045656000033"
"138";"VOSSTRAAT";"19";"2140";"mono glasbol groen";"ja";"";"";"4.4531766150000749";"51.198083532000055"
"493";"KARDINAAL CARDIJNPLEIN";"17";"2140";"duo glasbol";"ja";"";"";"4.4536544900000763";"51.195598227000062"
"073";"RUIMTEVAARTLAAN";"29";"2100";"mono glasbol wit";"ja";"";"";"4.4575210680000623";"51.194095524000033"
"102";"RUIMTEVAARTLAAN";"29";"2100";"mono glasbol groen";"ja";"";"";"4.4575712850000286";"51.194076538000047"
"220";"JOZEF VERBOVENLEI";"80";"2100";"duo glasbol";"ja";"";"";"4.4566620910000552";"51.202147816000036"
"506";"UNITASLAAN";"97";"2100";"duo glasbol";"ja";"";"";"4.464601311000024";"51.196417002000032"
"042";"MORTSELSESTEENWEG";"169";"2100";"mono glasbol wit";"ja";"";"";"4.4674123960000429";"51.19495904300004"
"110";"MORTSELSESTEENWEG";"169";"2100";"mono glasbol groen";"ja";"";"";"4.4674024280000708";"51.194993783000029"
"285";"FORT III-STRAAT";"9";"2100";"duo glasbol";"ja";"";"";"4.4730833220000363";"51.193820563000031"
"096";"EKSTERLAAR";"";"2100";"mono glasbol wit";"ja";"";"";"4.4704022170000712";"51.199421194000081"
"187";"EKSTERLAAR";"";"2100";"mono glasbol groen";"ja";"";"";"4.4703669740000578";"51.199392812000042"
"504";"DASCOTTELEI";"114";"2100";"duo glasbol";"ja";"";"";"4.4702915420000409";"51.203933369000026"
"035";"HERENTALSEBAAN";"515";"2100";"mono glasbol wit";"ja";"";"";"4.4757124480000243";"51.205077857000049"
"123";"HERENTALSEBAAN";"515";"2100";"mono glasbol groen";"ja";"";"";"4.47577274300005";"51.20507148300004"
"328";"JOS VAN GEELLAAN";"";"2100";"duo glasbol";"ja";"";"";"4.4697324490000483";"51.20797860600004"
"351";"RUGGEVELDLAAN";"12";"2100";"duo glasbol";"ja";"";"";"4.4729882070000713";"51.20953871100005"
"330";"BOTERLAARBAAN";"400";"2100";"duo glasbol";"ja";"";"";"4.4785841480000386";"51.207891681000035"
"097";"VAARTWEG";"";"2100";"mono glasbol wit";"ja";"";"";"4.464218742000071";"51.210654488000046"
"184";"VAARTWEG";"";"2100";"mono glasbol groen";"ja";"";"";"4.464263939000034";"51.210629193000045"
"086";"DASCOTTELEI";"48";"2100";"mono glasbol wit";"ja";"";"";"4.4672175390000461";"51.202538809000032"
"186";"DASCOTTELEI";"48";"2100";"mono glasbol groen";"ja";"";"";"4.4672728320000488";"51.202535598000054"
"518";"BOEKENBERGLEI";"129";"2100";"duo glasbol";"ja";"";"";"4.4598624060000702";"51.19897680300005"
"068";"VAN HAVREPLEIN";"";"2100";"mono glasbol wit";"ja";"";"";"4.4537956490000283";"51.206603385000051"
"147";"VAN HAVREPLEIN";"";"2100";"mono glasbol groen";"ja";"";"";"4.4537990030000287";"51.206575644000054"
"127";"ARENAPLEIN";"";"2100";"mono glasbol groen";"ja";"";"";"4.4583355390000747";"51.206947872000057"
"007";"ARENAPLEIN";"";"2100";"mono glasbol wit";"ja";"";"";"4.4583218950000401";"51.206922274000078"
"314";"MONSEIGNEUR VAN GOETHEMPLEIN";"8";"2140";"duo glasbol";"ja";"";"";"4.4515468230000579";"51.208703009000033"
"287";"LUITENANT LIPPENSLAAN";"1";"2140";"duo glasbol";"ja";"";"";"4.4524671000000353";"51.210281719000079"
"309";"JOE ENGLISHSTRAAT";"42";"2140";"duo glasbol";"ja";"";"";"4.4475177320000512";"51.211068454000042"
"514";"COLLEGELAAN";"5";"2140";"duo glasbol";"ja";"";"";"4.4504779100000746";"51.213301000000058"
"511";"GRIFFIER SCHOBBENSLAAN";"1";"2140";"duo glasbol";"ja";"";"";"4.453573575000064";"51.215138528000068"
"067";"CORNELISSENLAAN";"";"2100";"mono glasbol wit";"ja";"";"";"4.4590798810000365";"51.214001093000036"
"168";"CORNELISSENLAAN";"";"2100";"mono glasbol groen";"ja";"";"";"4.4590356780000207";"51.213988319000066"
"232";"AUGUST VAN DE WIELELEI";"56";"2100";"duo glasbol";"ja";"";"";"4.4773856240000214";"51.218735244000072"
"362";"SINT-BERNARDSESTEENWEG";"847";"2660";"duo glasbol";"ja";"";"";"4.3634128250000686";"51.169284359000073"
"238";"DEURNSEBAAN";"52";"2170";"duo glasbol";"ja";"";"";"4.4500290050000331";"51.244256496000048"
"280";"BORREWATERSTRAAT";"123";"2170";"duo glasbol";"ja";"";"";"4.4453561090000449";"51.239606605000063"
"024";"SINT-BARTHOLOMEUSSTRAAT";"15";"2170";"mono glasbol wit";"ja";"";"";"4.4411710820000394";"51.241609101000051"
"105";"SINT-BARTHOLOMEUSSTRAAT";"15";"2170";"mono glasbol groen";"ja";"";"";"4.4410876980000467";"51.241590133000045"
"264";"VUURKRUISENLAAN";"16";"2170";"duo glasbol";"ja";"";"";"4.4394479560000377";"51.244549577000043"
"246";"STELLA MARISSTRAAT";"2";"2170";"duo glasbol";"ja";"";"";"4.4376340430000596";"51.242705211000043"
"216";"JAAK COVELIERSSTRAAT";"44";"2170";"duo glasbol";"ja";"";"";"4.4342421540000601";"51.239449085000047"
"343";"FERDINANDUSDIJKSTRAAT";"43";"2170";"duo glasbol";"ja";"";"";"4.433213108000075";"51.240477028000043"
"339";"LAMBRECHTSHOEKENLAAN";"44";"2170";"duo glasbol";"ja";"";"";"4.4296961590000592";"51.245349414000032"
"247";"KLUIZEVELDENSTRAAT";"240";"2170";"duo glasbol";"ja";"";"";"4.4337683550000406";"51.247283024000069"
"345";"LAMBRECHTSHOEKENLAAN";"135";"2170";"duo glasbol";"ja";"";"";"4.4321173940000449";"51.248106781000047"
"167";"LAMBRECHTSHOEKENLAAN";"238";"2170";"mono glasbol groen";"ja";"";"";"4.4341989650000642";"51.251630054000032"
"085";"LAMBRECHTSHOEKENLAAN";"238";"2170";"mono glasbol wit";"ja";"";"";"4.4342898940000737";"51.251615738000055"
"429";"SLUITBERG";"";"2170";"duo glasbol";"ja";"";"";"4.4314412210000569";"51.25240210700008"
"164";"NIEUWDREEF";"178";"2170";"mono glasbol groen";"ja";"";"";"4.4380235120000293";"51.249701526000081"
"091";"NIEUWDREEF";"178";"2170";"mono glasbol wit";"ja";"";"";"4.4380537530000765";"51.249649196000064"
"468";"GEERTSHOEK";"24";"2170";"duo glasbol";"ja";"";"";"4.4289670740000702";"51.255628190000039"
"434";"VICTOR GOVAERSLAAN";"16";"2170";"duo glasbol";"ja";"";"";"4.4336984000000257";"51.256719590000046"
"420";"KLEIN HEIKEN";"2";"2180";"duo glasbol";"ja";"";"";"4.4121309860000224";"51.296447034000039"
"419";"KLEIN HEIKEN";"189";"2180";"duo glasbol";"ja";"";"";"4.4225410700000225";"51.299586228000067"
"502";"SCHRIEK";"129";"2180";"duo glasbol";"ja";"";"";"4.4295515160000605";"51.287898282000072"
"500";"VAN DE WEYNGAERTPLEIN";"28";"2180";"duo glasbol";"ja";"";"";"4.4379538690000686";"51.293773833000046"
"474";"MARIA-THERESIALEI";"4";"2180";"duo glasbol";"ja";"";"";"4.4392650130000675";"51.297641042000066"
"166";"MARIA-THERESIALEI";"4";"2180";"mono glasbol groen";"ja";"";"";"4.439135924000027";"51.297185009000032"
"087";"MARIA-THERESIALEI";"4";"2180";"mono glasbol wit";"ja";"";"";"4.4391857960000607";"51.297153682000044"
"326";"LINDENLEI";"39";"2180";"duo glasbol";"ja";"";"";"4.4271201990000577";"51.277693107000061"
"486";"KARDELAAN";"1";"2180";"duo glasbol";"ja";"";"";"4.4330158270000766";"51.280491483000048"
"516";"KARDELAAN";"8";"2180";"duo glasbol";"ja";"";"";"4.4314279060000672";"51.283293832000027"
"510";"VELTWIJCKLAAN";"238";"2180";"duo glasbol";"ja";"";"";"4.4360177050000402";"51.281634419000056"
"421";"ISABELLALEI";"7";"2180";"duo glasbol";"ja";"";"";"4.4444845350000719";"51.286307065000074"
"463";"PINKSTERBLOEMLAAN";"64";"2180";"duo glasbol";"ja";"";"";"4.4467765610000356";"51.281366370000057"
"483";"PRINSHOEVEWEG";"95";"2180";"duo glasbol";"ja";"";"";"4.4471155030000205";"51.279761553000071"
"479";"WEEGBREELAAN";"24";"2180";"duo glasbol";"ja";"";"";"4.4411151450000261";"51.279723625000031"
"487";"OUDEBAAN";"74";"2180";"duo glasbol";"ja";"";"";"4.4510188430000426";"51.27686852000005"
"491";"GERARDUS STIJNENLAAN";"60";"2180";"duo glasbol";"ja";"";"";"4.4477807690000759";"51.274095400000078"
"477";"VAZALLAAN";"4";"2180";"duo glasbol";"ja";"";"";"4.4428970510000454";"51.273643890000073"
"520";"NOTELAARLAAN";"5";"2180";"duo glasbol";"ja";"";"";"4.4555999280000265";"51.27129878900007"
"499";"SCHOUWVEGERSTRAAT";"";"2040";"duo glasbol";"ja";"";"";"4.3158226390000323";"51.340264649000062"
"494";"PRELATENSTRAAT";"12";"2040";"duo glasbol";"ja";"";"";"4.3123383810000746";"51.345939644000055"
"513";"CECILIANENSTRAAT";"42";"2040";"duo glasbol";"ja";"";"";"4.3245431770000664";"51.344050573000061"
"497";"DOMINICANENSTRAAT";"";"2040";"duo glasbol";"ja";"";"";"4.3252545750000309";"51.345875038000031"
"106";"MONNIKENHOFSTRAAT";"182";"2040";"mono glasbol groen";"ja";"";"";"4.329574874000059";"51.347651983000048"
"027";"MONNIKENHOFSTRAAT";"182";"2040";"mono glasbol wit";"ja";"";"";"4.3295835390000548";"51.347622218000026"
"496";"FREDERIK-HENDRIKSTRAAT";"11";"2040";"duo glasbol";"ja";"";"";"4.3235267100000669";"51.34956341700007"
"160";"DERDEWEG";"";"2040";"mono glasbol groen";"ja";"containerpark";"";"4.3032703840000295";"51.351743762000069"
"100";"DERDEWEG";"";"2040";"mono glasbol wit";"ja";"containerpark";"";"4.3033179410000457";"51.351741083000036"
"492";"NORBERTIJNENSTRAAT";"17";"2040";"duo glasbol";"ja";"";"";"4.3352383330000634";"51.346773991000077"
"224";"STEENOVENSTRAAT";"66";"2040";"duo glasbol";"ja";"";"";"4.3344595460000619";"51.354073729000049"
"320";"BREMSTRAAT";"1";"2040";"duo glasbol";"ja";"";"";"4.3260250090000341";"51.357192551000026"
"319";"ANTWERPSEBAAN";"413";"2040";"duo glasbol";"ja";"";"";"4.3313526710000474";"51.369542502000058"
"300";"ARMENSTRAATJE";"";"2040";"duo glasbol";"ja";"";"";"4.3173642680000626";"51.35700203500005"
"523";"PUTSEBAAN";"8";"2040";"duo glasbol";"ja";"";"";"4.3154360780000616";"51.35929688300007"
"508";"DE KEYSERHOEVE";"18";"2040";"duo glasbol";"ja";"";"";"4.3084887650000496";"51.359816627000043"
"304";"MAGERSHOEK";"";"2040";"duo glasbol";"ja";"";"";"4.2891563850000693";"51.34690665200003"
"289";"VESTINGSTRAAT";"";"2040";"duo glasbol";"ja";"";"";"4.2880692510000245";"51.304364317000079"
"297";"WIJTVLIET";"";"2040";"duo glasbol";"nee";"";"";"4.328393510000069";"51.27450299800006"
"641";"TOLSTRAAT";"87";"2000";"ondergrondse duo";"ja";"";"";"4.4016857760000221";"51.208953422000036"
"xxx";"BEATRIJSLAAN";"";"2050";"duo glasbol";"ja";"";"";"4.3866606400000592";"51.219440623000025"
"";"DE KEYSERLEI";"43";"2018";"ondergrondse duo";"ja";"";"";"4.4191652320000685";"51.217522515000041"
