"id";"thema";"type";"subtype";"naam";"straatnaam";"postcode";"district";"publiek_detail";"bereik";"grond_opp";"opp_ha";"lgst_niv";"hgst_niv";"x_coord";"y_coord";"ligging";"bezoekersaantal";"algemeen_uitzicht";"netheid";"hoogte_afsluiting";"materiaal_afsluiting";"aantal_vuilnisbakken";"aantal_zitbanken";"verlichting";"andere_objecten";"type_ondergrond";"quotering_algemeen";"point_lng";"point_lat"
"OPR0481";"groene open ruimte";"gebruiksgroen";"hondenweide";"KLEINESTEENWEG";"KLEINESTEENWEG";"2610";"WILRIJK";"formeel groen, ingericht of bedoeld voor recreatie";"";"543.80419099999995";"0.054380409999999997";"buurt";"stadsdeel";"151373.03249998999";"206671.13199999";"zeer geschikt";"hoog";"goed";"aanvaardbaar";"2m00";"staalmat/ tuinmuren";"2";"1";"geen";"";"gras";"TE KLEIN";"4.3883937530000594";"51.170050677000063"
"OPR0482";"groene open ruimte";"gebruiksgroen";"hondenweide";"OVERWINNINGSTRAAT";"OVERWINNINGSTRAAT";"2610";"WILRIJK";"formeel groen, ingericht of bedoeld voor recreatie";"";"1501.4452080000001";"0.15014452";"buurt";"stadsdeel";"151633.87549999999";"207246.09330000001";"minder geschikt";"hoog";"goed";"goed";"1m10";"staalmat";"2";"1";"geen";"";"gras";"OK";"4.3921259390000387";"51.175218031000043"
"OPR0487";"groene open ruimte";"gebruiksgroen";"hondenweide";"COOPERATIELAAN";"COOPERATIELAAN";"2660";"HOBOKEN";"formeel groen, ingericht of bedoeld voor recreatie";"";"1103.448762";"0.11034487";"buurt";"stadsdeel";"149956.196";"207358.99900000001";"zeer geschikt";"hoog";"goed";"goed";"1m05";"staalmat";"1";"1";"onrechtstreeks";"";"zand";"OK";"4.3681363220000549";"51.176235463000069"
"OPR0489";"groene open ruimte";"gebruiksgroen";"hondenweide";"APOLLOSTRAAT";"APOLLOSTRAAT";"2600";"BERCHEM";"formeel groen, ingericht of bedoeld voor recreatie";"";"492.66951699999998";"0.049266949999999997";"buurt";"stadsdeel";"155390.82199999";"209875.33300000001";"zeer geschikt";"hoog";"onaanvaardbaar";"onaanvaardbaar";"1m20";"staalmat";"1";"0";"geen";"";"zand";"TE KLEIN";"4.44588727200005";"51.198827554000047"
"OPR0428";"groene open ruimte";"gebruiksgroen";"hondenweide";"COLUMBIASTRAAT (TUSSEN DE LANGBLOKKEN)";"COLUMBIASTRAAT";"2030";"ANTWERPEN";"formeel groen, ingericht of bedoeld voor recreatie";"";"2434.5855940000001";"0.24345855";"buurt";"stadsdeel";"153625.685";"216016.56899999001";"zeer geschikt";"hoog";"goed";"goed";"1m00";"maasdraad in  Ligustrum haag";"1";"1";"onrechtstreeks";"";"gras";"OK";"4.4206972790000236";"51.254041345000076"
"OPR0491";"groene open ruimte";"gebruiksgroen";"hondenweide";"LAARSEBAAN";"LAARSEBAAN";"2170";"MERKSEM";"formeel groen, ingericht of bedoeld voor recreatie";"";"1393.1778690000001";"0.13931778";"buurt";"stadsdeel";"154825.60729998999";"216750.85200000001";"minder geschikt";"hoog";"goed";"goed";"0m95";"maasdraad zonder bovenbuis";"1";"2";"onrechtstreeks";"";"gras";"AANPASSEN";"4.4378943030000642";"51.26063229500005"
"OPR0443";"groene open ruimte";"gebruiksgroen";"hondenweide";"CAMILLE HUYSMANSLAAN / BOOMSESTEENWEG";"CAMILLE HUYSMANSLAAN";"2020";"ANTWERPEN";"formeel groen, ingericht of bedoeld voor recreatie";"";"694.73245999999995";"0.069473240000000006";"buurt";"stadsdeel";"151279.383";"208889.93599999999";"zeer geschikt";"hoog";"goed";"goed";"1m57";"maasdraad met bovenbuis";"1";"1";"onrechtstreeks";"";"gras";"OK";"4.387063142000045";"51.189994712000043"
"OPR0452";"groene open ruimte";"gebruiksgroen";"hondenweide";"LUISBEKELAAR";"LUISBEKELAAR";"2600";"BERCHEM";"formeel groen, ingericht of bedoeld voor recreatie";"";"717.91079000000002";"0.071791069999999998";"buurt";"stadsdeel";"155285.98699999999";"210645.69399999001";"geschikt";"hoog";"goed";"goed";"0m95";"staalmat";"1";"2";"onrechtstreeks";"Â²";"gras/zand";"OK";"4.4443988670000749";"51.205752897000082"
"OPR0455";"groene open ruimte";"gebruiksgroen";"hondenweide";"LUMBEECKSTRAAT";"LUMBEECKSTRAAT";"2660";"HOBOKEN";"formeel groen, ingericht of bedoeld voor recreatie";"";"921.11310300000002";"0.092111310000000002";"buurt";"stadsdeel";"148224.20099998999";"207368.796";"minder geschikt";"hoog";"goed";"goed";"1m55";"staalmat";"2";"1";"geen";"";"gras/zand";"OK";"4.3433694400000604";"51.176321066000071"
"OPR0458";"groene open ruimte";"gebruiksgroen";"hondenweide";"WATERHOENLAAN";"WATERHOENLAAN";"2050";"ANTWERPEN";"formeel groen, ingericht of bedoeld voor recreatie";"";"399.64356800000002";"0.039964350000000003";"buurt";"stadsdeel";"150932.489";"212309.58199999001";"zeer geschikt";"hoog";"goed";"goed";"1m05";"staalmat";"2";"1";"onrechtstreeks";"";"gras/zand";"UITBREIDEN GEWENST";"4.3821108760000698";"51.220732754000039"
"OPR0460";"groene open ruimte";"gebruiksgroen";"hondenweide";"PRINSES JOSÃPHINE CHARLOTTELAAN";"PRINSES JOSÃPHINE CHARLOTTELAAN";"2600";"BERCHEM";"formeel groen, ingericht of bedoeld voor recreatie";"";"477.06779299999999";"0.047706770000000003";"buurt";"stadsdeel";"153804.03999999";"207934.81099999999";"ongeschikt";"weinig";"onaanvaardbaar";"slecht";"1m10";"maasdraad zonder bovenbuis";"0";"1";"onrechtstreeks";"";"gras/ zand";"VOLDOET NIET";"4.4231651190000321";"51.181398050000041"
"OPR0295";"groene open ruimte";"gebruiksgroen";"hondenweide";"VLAAMSEKAAI/WAALSEKAAI";"VLAAMSEKAAI";"2000";"ANTWERPEN";"formeel groen, ingericht of bedoeld voor recreatie";"";"655.41596400000003";"0.065541589999999997";"buurt";"stadsdeel";"151333.03899999001";"210871.51500000001";"zeer geschikt";"zeer hoog";"goed";"goed";"1m04";"staalmat";"1";"3";"onrechtstreeks";"";"gras/zand";"OK";"4.3878384010000673";"51.207805954000037"
"OPR0478";"groene open ruimte";"gebruiksgroen";"hondenweide";"RUNCVOORTPARK";"TERLINDENHOFSTRAAT";"2170";"MERKSEM";"formeel groen, ingericht of bedoeld voor recreatie";"";"617.65109500000005";"0.061765100000000003";"buurt";"stadsdeel";"155094.63139999";"215270.57099999001";"minder geschikt";"gemiddeld";"goed";"goed";"1m05";"staalmat";"1";"3";"geen";"";"gras/zand";"OK";"4.441726999000025";"51.247324766000077"
"OPR0021";"groene open ruimte";"gebruiksgroen";"hondenweide";"GALLIFORT/ tov BISSCHOPPENHOF";"GALLIFORTLEI";"2100";"DEURNE";"formeel groen, ingericht of bedoeld voor recreatie";"333";"30591";"3.0590999999999999";"buurt";"stadsdeel";"156953.63029999999";"213330.712";"zeer geschikt";"zeer hoog";"goed";"goed";"2m00";"staalmat";"5";"3";"onrechtstreeks";"";"gras";"OK";"4.4683127400000444";"51.229868975000045"
"OPR0224";"groene open ruimte";"gebruiksgroen";"hondenweide";"AARTSELAARSTRAAT";"AARTSELAARSTRAAT";"2660";"HOBOKEN";"formeel groen, ingericht of bedoeld voor recreatie";"153";"2223.8321129999999";"0.22238321";"buurt";"stadsdeel";"149620.87520000001";"207384.8959";"zeer geschikt";"hoog";"goed";"goed";"1m00";"staalmat";"2";"1";"rechtstreeks";"";"gras/zand";"OK";"4.3633413450000376";"51.176468169000032"
"OPR0420";"groene open ruimte";"gebruiksgroen";"hondenweide";"KRUGERPARK";"KRUGERPARK";"2140";"BORGERHOUT";"formeel groen, ingericht of bedoeld voor recreatie";"";"532";"0.053199999999999997";"buurt";"stadsdeel";"155009.05900000001";"211853.34699999";"zeer geschikt";"hoog";"goed";"goed";"1m00";"staalmat";"1";"0";"onrechtstreeks";"";"gras";"OK";"4.4407433470000228";"51.216427846000045"
"OPR0421";"groene open ruimte";"gebruiksgroen";"hondenweide";"TWEEKRONENSTRAAT/ EKERSEVELDSLAGSTRAAT";"EKERSEVELDSLAGSTRAAT";"2030";"ANTWERPEN";"formeel groen, ingericht of bedoeld voor recreatie";"";"1266.676876";"0.12666768";"buurt";"stadsdeel";"152928.8971";"219229.38569999";"minder geschikt";"hoog";"goed";"goed";"1m05";"staalmat";"1";"2";"geen";"rubber tegels thv poort";"gras";"AFGELEGEN";"4.4085510230000295";"51.281285720000028"
"OPR0422";"groene open ruimte";"gebruiksgroen";"hondenweide";"VINÃOTTESTRAAT";"VINÃOTTESTRAAT";"2140";"BORGERHOUT";"formeel groen, ingericht of bedoeld voor recreatie";"";"257.03644300000002";"0.02570364";"buurt";"stadsdeel";"154836.49799999999";"211809.20899998999";"geschikt";"hoog";"onaanvaardbaar";"slecht";"2m00 en 1m00";"staalmat/ maasdraad";"1";"0";"geen";"";"gras";"VOLDOET NIET";"4.4375912420000532";"51.215779409000049"
"OPR0423";"groene open ruimte";"gebruiksgroen";"hondenweide";"HOF VAN TICHELEN";"HOF VAN TICHELEN";"2020";"ANTWERPEN";"formeel groen, ingericht of bedoeld voor recreatie";"";"816.444658";"0.081644460000000002";"buurt";"stadsdeel";"151253.04980000001";"208004.51680000001";"zeer geschikt";"hoog";"goed";"goed";"1m00";"staalmat";"1";"0";"geen";"";"gras/zand";"OK";"4.3866832030000751";"51.182036169000071"
"OPR0426";"groene open ruimte";"gebruiksgroen";"hondenweide";"PATER STRACKESTRAAT";"PATER STRACKESTRAAT";"2030";"ANTWERPEN";"formeel groen, ingericht of bedoeld voor recreatie";"";"713.621804";"0.071362179999999997";"buurt";"stadsdeel";"153143.53199998999";"217788.91800000001";"minder geschikt";"hoog";"goed";"goed";"1m05";"staalmat";"1";"0";"onrechtstreeks";"";"gras/ zand";"OK";"4.4152265450000527";"51.269643169000062"
"OPR0427";"groene open ruimte";"gebruiksgroen";"hondenweide";"WANNINKHOVELAAN";"WANNINKHOVELAAN";"2610";"WILRIJK";"formeel groen, ingericht of bedoeld voor recreatie";"";"1581.65796";"0.15816579";"buurt";"stadsdeel";"151577.06059999001";"205010.79579999999";"ongeschikt";"zeer hoog";"goed";"goed";"1m05";"staalmat/ maasdraad";"2";"1";"geen";"";"zand";"VOLDOET NIET";"4.3913097560000551";"51.155125841000029"
"OPR0430";"groene open ruimte";"gebruiksgroen";"hondenweide";"DE NELISPLEIN";"DE NELISPLEIN";"2020";"ANTWERPEN";"formeel groen, ingericht of bedoeld voor recreatie";"";"511.31679400000002";"0.051131669999999997";"buurt";"stadsdeel";"151451.32999999";"209096.14499999999";"minder geschikt";"hoog";"aanvaardbaar";"aanvaarbaar";"0lm95";"maasdraad zonder bovenbuis";"1";"0";"rechtstreeks";"";"gras/zand";"AANPASSEN";"4.3898468940000726";"51.191813860000082"
"OPR0431";"groene open ruimte";"gebruiksgroen";"hondenweide";"TEN EECKHOVELEI";"TEN EECKHOVELEI";"2100";"DEURNE";"formeel groen, ingericht of bedoeld voor recreatie";"";"6251";"0.62509999999999999";"buurt";"stadsdeel";"155394.45699999999";"213196.61499999001";"geschikt";"hoog";"goed";"goed";"1m05";"staalmat/ maasdraad";"2";"1";"onrechtstreeks";"";"gras";"OK";"4.450272367000025";"51.224040740000078"
"OPR0432";"groene open ruimte";"gebruiksgroen";"hondenweide";"TAXANDRIASTRAAT";"TAXANDRIASTRAAT";"2170";"MERKSEM";"formeel groen, ingericht of bedoeld voor recreatie";"";"329";"0.032899999999999999";"buurt";"stadsdeel";"154597.11199999999";"214427.59899999";"zeer geschikt";"hoog";"goed";"goed";"1m05 en 1m60";"maasdraad zonder bovenbuis";"1";"0";"geen";"";"gras";"TE KLEIN";"4.4344741330000375";"51.23971630300008"
"OPR0433";"groene open ruimte";"gebruiksgroen";"hondenweide";"WINTERLING";"WINTERLING";"2170";"MERKSEM";"formeel groen, ingericht of bedoeld voor recreatie";"";"521.55384300000003";"0.052155380000000001";"buurt";"stadsdeel";"154172.516";"214477.65100000001";"minder geschikt";"hoog";"goed";"goed";"1m05";"staalmat/ maasdraad";"1";"0";"geen";"<Null>";"gras";"OK";"4.428395460000047";"51.239753772000029"
"OPR0434";"groene open ruimte";"gebruiksgroen";"hondenweide";"HENDRIK VAN BOUTERSEMSTRAAT";"HENDRIK VAN BOUTERSEMSTRAAT";"2170";"MERKSEM";"formeel groen, ingericht of bedoeld voor recreatie";"";"673.93512799999996";"0.067393510000000004";"buurt";"stadsdeel";"154154.31299999999";"215632.93899999";"zeer geschikt";"hoog";"goed";"goed";"1m05";"staalmat";"1";"0";"onrechtstreeks";"<Null>";"gras/zand";"OK";"4.4289369580000653";"51.250302637000061"
"OPR0435";"groene open ruimte";"gebruiksgroen";"hondenweide";"STRIJDHOFLAAN";"STRIJDHOFLAAN";"2600";"BERCHEM";"formeel groen, ingericht of bedoeld voor recreatie";"";"147.14340899999999";"0.014714339999999999";"buurt";"stadsdeel";"154035.09399999";"208316.34400000001";"geschikt";"hoog";"onaanvaardbaar";"slecht";"1m00 en 2m00";"staalmat";"1";"0";"onrechtstreeks";"";"zand";"UITBREIDEN GEWENST";"4.4267966130000218";"51.184689356000035"
"OPR0436";"groene open ruimte";"gebruiksgroen";"hondenweide";"KAREL COGGESTRAAT";"KAREL COGGESTRAAT";"2600";"BERCHEM";"formeel groen, ingericht of bedoeld voor recreatie";"";"5230.1167990000004";"0.52301167000000004";"buurt";"stadsdeel";"154495.38799998999";"209285.04699999001";"zeer geschikt";"hoog";"goed";"goed";"2m00 en 1m00";"staalmat/ maasdraad";"1";"2";"onrechtstreeks";"";"gras";"OK";"4.4335061560000213";"51.19417827500007"
"OPR0438";"groene open ruimte";"gebruiksgroen";"hondenweide";"PRELATENSTRAAT/DORPSTRAAT";"PRELATENSTRAAT";"2040";"BERENDRECHT";"formeel groen, ingericht of bedoeld voor recreatie";"";"281";"0.0281";"buurt";"stadsdeel";"146059.008";"226241.5128";"geschikt";"hoog";"goed";"goed";"1m05";"staalmat/ maasdraad";"1";"0";"geen";"";"gras";"UITBREIDEN GEWENST";"4.3122181760000444";"51.345922655000038"
"OPR0439";"groene open ruimte";"gebruiksgroen";"hondenweide";"KRUISBOS/G. DAMAESSTRAAT";"KRUISBOS";"2040";"BERENDRECHT";"formeel groen, ingericht of bedoeld voor recreatie";"";"800.72318600000006";"0.080072309999999994";"buurt";"stadsdeel";"147329.18079998999";"226293.0165";"zeer geschikt";"weinig";"goed";"goed";"1m05";"staalmat";"1";"0";"geen";"";"gras";"OK";"4.3304295290000709";"51.346405861000051"
"OPR0440";"groene open ruimte";"gebruiksgroen";"hondenweide";"VILLEGASPARK";"UITBREIDINGSTRAAT";"2600";"BERCHEM";"formeel groen, ingericht of bedoeld voor recreatie";"";"800";"0.080000000000000002";"buurt";"stadsdeel";"153976.32000000001";"209437.98800000001";"zeer geschikt";"hoog";"goed";"goed";"1m00";"staalmat";"1";"2";"onrechtstreeks";"";"gras";"OK";"4.4262524130000429";"51.195020948000035"
"OPR0441";"groene open ruimte";"gebruiksgroen";"hondenweide";"ZANDVLIETSE DORPSTRAAT";"ZANDVLIETSE DORPSTRAAT";"2040";"ZANDVLIET";"formeel groen, ingericht of bedoeld voor recreatie";"";"613.28061200000002";"0.061328059999999997";"buurt";"stadsdeel";"145422.63109998999";"227332.10019999999";"minder geschikt";"hoog";"goed";"aanvaardbaar";"1m05";"staalmat";"1";"0";"geen";"<Null>";"gras";"AFGELEGEN";"4.3030604080000217";"51.355740841000056"
"OPR0446";"groene open ruimte";"gebruiksgroen";"hondenweide";"HAGELBERG";"HAGELBERG";"2040";"BERENDRECHT";"formeel groen, ingericht of bedoeld voor recreatie";"";"593.01666";"0.059301659999999999";"buurt";"stadsdeel";"147126.61050000001";"226144.0276";"zeer geschikt";"hoog";"goed";"goed";"1m05";"staalmat";"1";"0";"geen";"";"gras";"OK";"4.3275298900000507";"51.345073312000068"
"OPR0448";"groene open ruimte";"gebruiksgroen";"hondenweide";"DORDRECHTLAAN";"DORDRECHTLAAN";"2100";"DEURNE";"formeel groen, ingericht of bedoeld voor recreatie";"";"1606.701094";"0.16067010000000001";"buurt";"stadsdeel";"156283.49599999";"210581.19099999999";"zeer geschikt";"hoog";"aanvaardbaar";"goed";"0m95";"maasdraad met bovenbuis";"2";"1";"geen";"";"gras";"AANPASSEN";"4.4595785730000443";"51.204575773000045"
"OPR0449";"groene open ruimte";"gebruiksgroen";"hondenweide";"HOF TER LO";"HOF TER LO";"2140";"BORGERHOUT";"formeel groen, ingericht of bedoeld voor recreatie";"";"1140.5";"0.11405";"buurt";"stadsdeel";"155532.32599998999";"212113.82499999";"geschikt";"hoog";"goed";"goed";"0m85";"maasdraad met bovenbuis";"1";"1";"geen";"";"gras";"AANPASSEN";"4.4484289300000341";"51.22064247000003"
"OPR0450";"groene open ruimte";"gebruiksgroen";"hondenweide";"LANGE BREMSTRAAT";"LANGE BREMSTRAAT";"2170";"MERKSEM";"formeel groen, ingericht of bedoeld voor recreatie";"";"553.36224700000002";"0.055336219999999998";"buurt";"stadsdeel";"155830.17199999001";"216458.12899999999";"ongeschikt";"hoog";"goed";"aanvaardbaar";"1m05";"staalmat";"1";"0";"geen";"";"gras";"AFGELEGEN";"4.456943347000049";"51.256988723000063"
"OPR0451";"groene open ruimte";"gebruiksgroen";"hondenweide";"WIJGAARDBERG";"WIJGAARDBERG";"2170";"MERKSEM";"formeel groen, ingericht of bedoeld voor recreatie";"";"382.57254399999999";"0.03825725";"buurt";"stadsdeel";"154534.17300000001";"215071.01500000001";"zeer geschikt";"hoog";"goed";"goed";"0m95";"staalmat";"1";"0";"geen";"";"gras";"UITBREIDEN GEWENST";"4.4335186470000281";"51.245373103000077"
"OPR0453";"groene open ruimte";"gebruiksgroen";"hondenweide";"DRUIVENSTRAAT";"DRUIVENSTRAAT";"2610";"WILRIJK";"formeel groen, ingericht of bedoeld voor recreatie";"";"1054";"0.10539999999999999";"buurt";"stadsdeel";"152360.84";"206885.97560000001";"zeer geschikt";"hoog";"goed";"goed";"0m92";"staalmat";"1";"3";"rechtstreeks";"";"gras";"OK";"4.4025513200000432";"51.171941967000066"
"OPR0454";"groene open ruimte";"gebruiksgroen";"hondenweide";"GEMZENSTRAAT";"GEMZENSTRAAT";"2610";"WILRIJK";"formeel groen, ingericht of bedoeld voor recreatie";"";"164.40182999999999";"0.016440179999999999";"buurt";"stadsdeel";"153673.53400000001";"207202.80499999999";"ongeschikt";"gemiddeld";"slecht";"aanvaardbaar";"0m90";"staalmat";"1";"1";"rechtstreeks";"";"zand";"TE KLEIN";"4.4212996900000689";"51.174643346000039"
"OPR0457";"groene open ruimte";"gebruiksgroen";"hondenweide";"VIIDE-OLYMPIADELAAN";"VIIDE-OLYMPIADELAAN";"2020";"ANTWERPEN";"formeel groen, ingericht of bedoeld voor recreatie";"";"529.16992600000003";"0.052916989999999997";"buurt";"stadsdeel";"150949.10499999";"208152.89199999999";"geschikt";"hoog";"onaanvaardbaar";"slecht";"0m95";"staalmat";"2";"0";"geen";"<Null>";"gras/zand";"TE KLEIN";"4.3816904550000686";"51.183228296000038"
"OPR0459";"groene open ruimte";"gebruiksgroen";"hondenweide";"CAMPINIASTRAAT";"CAMPINIASTRAAT";"2170";"MERKSEM";"formeel groen, ingericht of bedoeld voor recreatie";"";"403.61314099999998";"0.040361309999999997";"buurt";"stadsdeel";"154548.82599998999";"214461.261";"zeer geschikt";"hoog";"goed";"goed";"1m05";"staalmat";"1";"0";"geen";"";"gras/zand";"TE KLEIN";"4.4346021110000606";"51.240249121000033"
"OPR0461";"groene open ruimte";"gebruiksgroen";"hondenweide";"FRANS VAN DUNLAAN";"FRANS VAN DUNLAAN";"2610";"WILRIJK";"formeel groen, ingericht of bedoeld voor recreatie";"";"900";"0.089999999999999997";"buurt";"stadsdeel";"154224.20699999999";"207064.34099999";"minder geschikt";"hoog";"goed";"goed";"1m04";"staalmat";"3";"1";"onrechtstreeks";"";"gras";"OK";"4.4291721700000721";"51.173389403000044"
"OPR0462";"groene open ruimte";"gebruiksgroen";"hondenweide";"MOERELEI";"MOERELEI";"2610";"WILRIJK";"formeel groen, ingericht of bedoeld voor recreatie";"";"550.94616399999995";"0.055094610000000002";"buurt";"stadsdeel";"150942.2255";"205972.88259999";"zeer geschikt";"hoog";"goed";"goed";"1m05";"staalmat";"1";"1";"geen";"";"gras";"OK";"4.3822408980000205";"51.163786779000077"
"OPR0463";"groene open ruimte";"gebruiksgroen";"hondenweide";"SINT-CAMILLUSSTRAAT";"SINT-CAMILLUSSTRAAT";"2610";"WILRIJK";"formeel groen, ingericht of bedoeld voor recreatie";"";"138.07879";"0.01380787";"buurt";"stadsdeel";"151913.10249999";"206761.56649999999";"geschikt";"hoog";"goed";"goed";"0m95";"staalmat";"1";"1";"geen";"";"gras";"TE KLEIN";"4.396100772000068";"51.170862256000078"
"OPR0464";"groene open ruimte";"gebruiksgroen";"hondenweide";"MELOENSTRAAT";"MELOENSTRAAT";"2060";"ANTWERPEN";"formeel groen, ingericht of bedoeld voor recreatie";"";"306.05232999999998";"0.030605230000000001";"buurt";"stadsdeel";"154483.016";"213032.68599999999";"ongeschikt";"hoog";"goed";"goed";"1m04";"staalmat";"1";"0";"onrechtstreeks";"";"gras";"TE KLEIN";"4.4328007400000615";"51.227205851000065"
"OPR0465";"groene open ruimte";"gebruiksgroen";"hondenweide";"KIELPARK";"KIELPARK";"2020";"ANTWERPEN";"formeel groen, ingericht of bedoeld voor recreatie";"";"431.526769";"0.043152669999999997";"buurt";"stadsdeel";"151262.916";"209172.29800000001";"geschikt";"hoog";"goed";"goed";"1m60";"maasdraad met bovenbuis";"1";"1";"onrechtstreeks";"plaspaaltje";"gras";"OK";"4.3870021690000272";"51.191781502000026"
"OPR0468";"groene open ruimte";"gebruiksgroen";"hondenweide";"SPOORNOORD (oost)";"SPOORNOORD";"2060";"ANTWERPEN";"formeel groen, ingericht of bedoeld voor recreatie";"";"606.30729499999995";"0.060630719999999999";"buurt";"stadsdeel";"154109.0068";"213284.53009998999";"ongeschikt";"hoog";"aanvaardbaar";"veel onkruid";"1m00";"maasdraad met bovenbuis";"1";"0";"geen";"";"onkruid";"VOLDOET NIET";"4.4308944970000539";"51.228902258000062"
"OPR0469";"groene open ruimte";"gebruiksgroen";"hondenweide";"KONING ALBERTPARK";"KONING ALBERTPARKWEG";"2018";"ANTWERPEN";"formeel groen, ingericht of bedoeld voor recreatie";"";"1538.301117";"0.15383010999999999";"buurt";"stadsdeel";"153081.91510000001";"209964.6955";"geschikt";"hoog";"goed";"goed";"1m20";"staalmat";"1";"2";"onrechtstreeks";"";"gras";"OK";"4.4126293660000329";"51.20092500800007"
"OPR0470";"groene open ruimte";"gebruiksgroen";"hondenweide";"SPOORNOORD (west)";"SPOORNOORD";"2060";"ANTWERPEN";"formeel groen, ingericht of bedoeld voor recreatie";"";"627.53517599999998";"0.062753509999999998";"buurt";"stadsdeel";"153760.78369998999";"213379.69819999";"geschikt";"hoog";"aanvaardbaar";"aanvaardbaar";"1m45";"staalmat";"1";"0";"onrechtstreeks";"";"gras";"OK";"4.4180024810000305";"51.230696013000056"
"OPR0471";"groene open ruimte";"gebruiksgroen";"hondenweide";"REINAARTLAAN";"REINAARTLAAN";"2050";"ANTWERPEN";"formeel groen, ingericht of bedoeld voor recreatie";"";"1180.442055";"0.1180442";"buurt";"stadsdeel";"151189.06570000001";"213081.53150000001";"zeer geschikt";"gemiddeld";"goed";"goed";"1m05";"staalmat";"2";"1";"onrechtstreeks";"";"gras";"OK";"4.3857860510000251";"51.227670826000065"
"OPR0472";"groene open ruimte";"gebruiksgroen";"hondenweide";"TURNHOUSEBAAN/GRAVINSTRAAT";"TURNHOUTSEBAAN";"2140";"BORGERHOUT";"formeel groen, ingericht of bedoeld voor recreatie";"";"505";"0.050500000000000003";"buurt";"stadsdeel";"155277.57810000001";"211680.07849998999";"geschikt";"hoog";"goed";"goed";"1m00";"staalmat";"1";"1";"onrechtstreeks";"";"gras";"OK";"4.4442938580000373";"51.21505047200003"
"OPR0474";"groene open ruimte";"gebruiksgroen";"hondenweide";"POTVLIETLAAN";"POTVLIETLAAN";"2600";"BERCHEM";"formeel groen, ingericht of bedoeld voor recreatie";"";"526";"0.052600000000000001";"buurt";"stadsdeel";"155211.11779999";"210513.89229999";"geschikt";"hoog";"goed";"goed";"2m00";"staalmat/ maasdraad";"1";"1";"onrechtstreeks";"";"gras";"OK";"4.4427496150000252";"51.203895442000032"
"OPR0475";"groene open ruimte";"gebruiksgroen";"hondenweide";"RODEKRUISLAAN";"RODEKRUISLAAN";"2600";"BERCHEM";"formeel groen, ingericht of bedoeld voor recreatie";"";"1145.5330859999999";"0.1145533";"buurt";"stadsdeel";"154880.2224";"210133.29129999";"geschikt";"hoog";"goed";"goed";"1m60";"staalmat";"1";"0";"geen";"";"gras";"OK";"4.4381502340000338";"51.201041100000054"
"OPR0476";"groene open ruimte";"gebruiksgroen";"hondenweide";"VERENIGDE NATIESLAAN";"VERENIGDE NATIESLAAN";"2660";"HOBOKEN";"formeel groen, ingericht of bedoeld voor recreatie";"";"2449.7371469999998";"0.24497371000000001";"buurt";"stadsdeel";"148752.80059999999";"205873.84299999001";"zeer geschikt";"hoog";"goed";"goed";"1m20";"staalmat";"2";"2";"onrechtstreeks";"<Null>";"gras";"AANPASSEN";"4.3534051160000331";"51.164139756000054"
"OPR0477";"groene open ruimte";"gebruiksgroen";"hondenweide";"HOF TER HEYDE- IN HET PARK";"HOF TER HEYDE";"2170";"MERKSEM";"formeel groen, ingericht of bedoeld voor recreatie";"";"201.81411600000001";"0.02018141";"buurt";"stadsdeel";"156497.27189999001";"215733.0104";"ongeschikt";"gemiddeld";"onaanvaardbaar";"onaanvaardbaar";"1m00";"staalmat";"1";"0";"geen";"";"zand";"TE KLEIN";"4.4633922060000373";"51.251792217000059"
"OPR0483";"groene open ruimte";"gebruiksgroen";"hondenweide";"THOMAS GRESHAMSTRAAT";"THOMAS GRESHAMSTRAAT";"2030";"ANTWERPEN";"formeel groen, ingericht of bedoeld voor recreatie";"";"523.63698899999997";"0.052363689999999997";"buurt";"stadsdeel";"152723.43599999";"217952.21099999";"minder geschikt";"hoog";"goed";"goed";"1m 05";"staalmat";"1";"0";"geen";"";"gras";"AFGELEGEN";"4.4078959640000335";"51.271239754000078"
"OPR0484";"groene open ruimte";"gebruiksgroen";"hondenweide";"OUDE HOFSTRAAT/KOOLHOFSTRAAT";"OUDE HOFSTRAAT";"2610";"WILRIJK";"formeel groen, ingericht of bedoeld voor recreatie";"";"327.98943800000001";"0.032798939999999999";"buurt";"stadsdeel";"150990.68789999001";"207301.50690000001";"zeer geschikt";"hoog";"goed";"goed";"0m96";"staalmat";"1";"1";"onrechtstreeks";"";"gras/zand";"UITBREIDEN GEWENST";"4.382934126000066";"51.175735031000045"
"OPR0485";"groene open ruimte";"gebruiksgroen";"hondenweide";"ALFONS DE COCKSTRAAT (PLEIN)";"ALFONS DE COCKSTRAAT";"2020";"ANTWERPEN";"formeel groen, ingericht of bedoeld voor recreatie";"";"756.11417600000004";"0.075611410000000004";"buurt";"stadsdeel";"150316.74199998999";"208856.27600000001";"zeer geschikt";"hoog";"goed";"goed";"1m03";"staalmat";"3";"0";"onrechtstreeks";"";"gras/zand";"OK";"4.3739322350000407";"51.189562572000057"
"OPR0486";"groene open ruimte";"gebruiksgroen";"hondenweide";"BOSUILPLEIN";"BOSUILPLEIN";"2100";"DEURNE";"formeel groen, ingericht of bedoeld voor recreatie";"";"1300.50566";"0.13005056000000001";"buurt";"stadsdeel";"156587.40900000001";"213212.23000000001";"zeer geschikt";"hoog";"goed";"goed";"1m05";"staalmat";"2";"0";"geen";"";"gras";"OK";"4.4629789290000303";"51.229559996000035"
"OPR0488";"groene open ruimte";"gebruiksgroen";"hondenweide";"HET PRIEEL";"HET PRIEEL";"2600";"BERCHEM";"formeel groen, ingericht of bedoeld voor recreatie";"";"4160.0636320000003";"0.41600636000000002";"buurt";"stadsdeel";"155250.78";"208774.83799999999";"geschikt";"hoog";"goed";"goed";"1m20";"staalmat";"3";"3";"onrechtstreeks";"";"gras";"OK";"4.4430185900000652";"51.18825662100005"
"OPR0490";"groene open ruimte";"gebruiksgroen";"hondenweide";"GANZEMATE/DISTELHOEK";"GANZEMATE";"2170";"MERKSEM";"formeel groen, ingericht of bedoeld voor recreatie";"";"922.99926300000004";"0.092299919999999994";"buurt";"stadsdeel";"154142.261";"215922.95300000001";"minder geschikt";"hoog";"aanvaardbaar";"aanvaardbaar";"0m95";"maasdraad zonder bovenbuis";"1";"2";"geen";"";"gras";"AANPASSEN";"4.42803688500004";"51.253398785000059"
"OPR0492";"groene open ruimte";"gebruiksgroen";"hondenweide";"HEIRMANSTRAAT";"HEIRMANSTRAAT";"2170";"MERKSEM";"formeel groen, ingericht of bedoeld voor recreatie";"";"141.25951900000001";"0.01412595";"buurt";"stadsdeel";"155077.73699999999";"214283.39199999999";"minder geschikt";"hoog";"goed";"goed";"0m90";"staalmat";"1";"0";"rechtstreeks";"";"gras";"UITBREIDEN GEWENST";"4.4416270330000316";"51.238331966000032"
"OPR0494";"groene open ruimte";"gebruiksgroen";"hondenweide";"DRAKENHOF";"MORTSELSESTEENWEG";"2100";"DEURNE";"formeel groen, ingericht of bedoeld voor recreatie";"";"974.36718800000006";"0.097436709999999996";"buurt";"stadsdeel";"157045.79060000001";"209994.61389999001";"minder geschikt";"hoog";"goed";"goed";"1m00";"maasdraad met bovenbuis";"2";"2";"geen";"plaspaal";"gras";"OK";"4.4698038520000409";"51.197236029000067"
"OPR0495";"groene open ruimte";"gebruiksgroen";"hondenweide";"VAN COUWERVENSTRAAT";"VAN COUWERVENSTRAAT";"2040";"BERENDRECHT";"formeel groen, ingericht of bedoeld voor recreatie";"";"910.42629799999997";"0.091042620000000005";"buurt";"stadsdeel";"147034.9472";"225899.84669999999";"minder geschikt";"hoog";"goed";"goed";"1m05";"staalmat";"1";"0";"geen";"";"gras";"AFGELEGEN";"4.3262948870000741";"51.342897483000058"
"OPR0467";"groene open ruimte";"gebruiksgroen";"hondenweide";"BREMWEIDE";"BISSCHOPPENHOFLAAN";"2100";"DEURNE";"formeel groen, ingericht of bedoeld voor recreatie";"";"32112.332596";"32.112299999999998";"buurt";"stadsdeel";"157681.02899999";"213890.31399999";"zeer geschikt";"zeer hoog";"goed";"goed";"1m03";"staalmat";"5";"6";"geen";"<Null>";"gras/zand";"OK";"4.4808932070000651";"51.233868270000073"
"OPR0479";"groene open ruimte";"gebruiksgroen";"hondenweide";"STUIVENBERGPLEIN";"STUIVENBERGPLEIN";"2060";"ANTWERPEN";"formeel groen, ingericht of bedoeld voor recreatie";"";"585.56980199999998";"0.058556980000000002";"buurt";"stadsdeel";"154247.41399999001";"213019.49100000001";"zeer geschikt";"hoog";"goed";"goed";"1m05";"staalmat";"1";"0";"onrechtstreeks";"<Null>";"gras";"OK";"4.4290081590000341";"51.226434597000036"
"OPR0480";"groene open ruimte";"gebruiksgroen";"hondenweide";"EGLANTIERLAAN";"EGLANTIERLAAN";"2020";"ANTWERPEN";"formeel groen, ingericht of bedoeld voor recreatie";"";"9526.4908730000006";"0.95264908000000004";"buurt";"stadsdeel";"152161.30189999001";"208386.6801";"zeer geschikt";"zeer hoog";"aanvaardbaar";"goed";"1m00";"maasdraad zonder bovenbuis";"1";"9";"onrechtstreeks";"";"gras/zand";"AANPASSEN";"4.3991575560000342";"51.185244166000075"
"OPR0496";"groene open ruimte";"gebruiksgroen";"hondenweide";"BOEKENBERGLEI";"BOEKENBERGLEI";"2100";"DEURNE";"formeel groen, ingericht of bedoeld voor recreatie";"";"170.96617599999999";"0.017096610000000002";"buurt";"stadsdeel";"156250.875";"209368.08499999999";"minder geschikt";"hoog";"goed";"goed";"2m00 en 1m00";"staalmat/ maasdraad";"1";"0";"onrechtstreeks";"";"gras";"TE KLEIN";"4.4581827680000288";"51.194259363000072"
"OPR0444";"groene open ruimte";"gebruiksgroen";"hondenweide";"VOGELZANGLAAN";"VOGELZANGLAAN";"2020";"ANTWERPEN";"formeel groen, ingericht of bedoeld voor recreatie";"";"895.06244600000002";"0.089506240000000001";"buurt";"stadsdeel";"152286.90100000001";"208718.361";"minder geschikt";"gemiddeld";"goed";"goed";"1m05";"maasdraad met bovenbuis";"1";"2";"geen";"";"gras";"OK";"4.4014733700000761";"51.188449241000058"
"OPR0425";"groene open ruimte";"gebruiksgroen";"hondenweide";"GRAVENLAAN";"GRAVENLAAN";"2180";"EKEREN";"formeel groen, ingericht of bedoeld voor recreatie";"";"624.76662899999997";"0.62470000000000003";"buurt";"stadsdeel";"155230.1409";"218675.57380000001";"minder geschikt";"hoog";"goed";"goed";"0m80";"maasdraad zonder bovenbuis";"1";"0";"geen";"";"gras";"AFGELEGEN";"4.4437226040000724";"51.277924551000069"
"OPR0424";"groene open ruimte";"gebruiksgroen";"hondenweide";"HOF DE BIST";"HOF DE BIST";"2180";"EKEREN";"formeel groen, ingericht of bedoeld voor recreatie";"";"1569.2";"0.15692";"buurt";"stadsdeel";"155051.45589998999";"219501.32209999001";"ongeschikt";"hoog";"onaanvaardbaar";"slecht";"1m00";"maasdraad zonder bovenbuis";"1";"1";"geen";"";"gras";"VOLDOET NIET";"4.4411832580000237";"51.285361391000038"
"OPR0497";"groene open ruimte";"gebruiksgroen";"hondenweide";"LODEWIJK DE RAETSTRAAT";"LODEWIJK DE RAETSTRAAT";"2020";"ANTWERPEN";"formeel groen, ingericht of bedoeld voor recreatie";"";"1062.506944";"0.106251";"buurt";"stadsdeel";"150240.217";"209069.93299999001";"geschikt";"";"goed";"goed";"0m95";"staalmat";"3";"4";"onrechtstreeks";"";"gras";"OK";"4.372199265000063";"51.191614145000074"
"OPR0498";"groene open ruimte";"gebruiksgroen";"hondenweide";"HASPENGOUWSTRAAT";"HASPENGOUWSTRAAT";"2660";"HOBOKEN";"formeel groen, ingericht of bedoeld voor recreatie";"";"370.72000000000003";"0.036999999999999998";"buurt";"buurt";"149485.52799999001";"208167.59499998999";"ongeschikt";"";"";"";"";"";"";"";"";"";"";"TE KLEIN";"4.3614050120000343";"51.183503406000057"
"OPR0499";"groene open ruimte";"gebruiksgroen";"hondenweide";"DESGUINLEI";"SINGEL";"2018";"ANTWERPEN";"formeel groen, ingericht of bedoeld voor recreatie";"";"";"";"buurt";"stadsdeel";"151752.96999998999";"209660.97399999";"zeer geschikt";"";"goed";"goed";"1m20";"staalmat";"";"";"onrechtstreeks";"";"gras";"OK";"4.3938411600000222";"51.196923865000031"
