"objectid_1";"dossier_nummer";"naam";"straatnaam";"locatie";"postcode";"district";"status";"reguliere_ophaling";"budgetjaar";"realisatie";"point_lng";"point_lat"
"1";"2011220";"DUINSTRAAT";"Geelhandplaats";"binnenplein";"2060";"Antwerpen";"6.  Uitgesteld";"nee";"2050";"2050";"4.430183851000038";"51.222920667000039"
"2";"2011172";"VISÃSTRAAT - 12";"VisÃ©straat";"12";"2060";"Antwerpen";"5.  Gevraagd";"ja";"2020";"2020";"4.4246119240000326";"51.229028210000081"
"3";"2011169";"VISÃSTRAAT - 80";"VisÃ©straat";"80";"2060";"Antwerpen";"5.  Gevraagd";"ja";"2020";"2020";"4.4291333020000252";"51.228083799000046"
"4";"2011126";"JOS VERHELSTPLEIN";"Jos Verhelstplein";"1";"2060";"Antwerpen";"5.  Gevraagd";"ja";"2014";"2014";"4.4326784490000364";"51.227715133000061"
"5";"2011071";"Handelsstraat - Lange_Stuivenberstraat";"Handelsstraat";"1";"2060";"Antwerpen";"5.  Gevraagd";"Ja";"2012";"2012";"4.4316228140000362";"51.224305523000055"
"6";"2011064";"Helmstraat";"Helmstraat";"hoek Schapenstraat";"2140";"Borgerhout";"5.  Gevraagd";"Ja";"2011";"2011";"4.4359829520000744";"51.218035309000072"
"7";"2011075";"Vincottestraat";"Vincottestraat";"1 - 11";"2140";"Borgerhout";"6.  Uitgesteld";"Ja";"2012";"2012";"4.4374284010000338";"51.215618150000068"
"8";"2011183";"Waterhoenlaan";"Waterhoenlaan";"6";"2050";"Antwerpen";"5.  Gevraagd";"nee";"2020";"2020";"4.3817973020000522";"51.22115007900004"
"9";"2011184";"Victor_De_La_Montagnestraat";"Victor De la Montagnestraat";"18";"2050";"Antwerpen";"5.  Gevraagd";"nee";"2020";"2020";"4.3789034880000486";"51.222770771000057"
"10";"2011079";"IGLO";"Carel Van Manderstraat";"2";"2050";"Antwerpen";"4.  In Onderzoek";"nee";"2013";"2013";"4.3833187790000352";"51.224345910000068"
"11";"2011080";"IGLO";"Ernest Claesstraat 1";"1";"2050";"Antwerpen";"4.  In Onderzoek";"nee";"2013";"2013";"4.381216413000061";"51.224193107000076"
"12";"2011083";"IGLO";"Ernest_Claesstraat_10-16";"10 - 16";"2050";"Antwerpen";"4.  In Onderzoek";"nee";"2013";"2013";"4.3821446570000262";"51.225256099000035"
"13";"2011128";"Charles_De_Costerlaan_7_13";"Charles De Costerlaan";"7 - 13";"2050";"Antwerpen";"5.  Gevraagd";"nee";"2014";"2014";"4.3837693970000373";"51.226762152000049"
"14";"2011129";"Gloriantlaan_54_56";"Gloriantlaan";"54-56";"2050";"Antwerpen";"5.  Gevraagd";"nee";"2014";"2014";"4.3851936030000616";"51.226369691000059"
"15";"2011181";"Reinaertlaan";"Reinaertlaan";"8";"2050";"Antwerpen";"5.  Gevraagd";"nee";"2020";"2020";"4.3836449100000436";"51.228080152000075"
"16";"2011221";"Julius_Vuylstekelaan";"Julius Vuylstekelaan";"6 - 12";"2050";"Antwerpen";"6.  Uitgesteld";"nee";"2050";"2050";"4.3802215300000285";"51.228692491000061"
"17";"2011158";"Haantjeslei";"Haantjeslei";"159";"2018";"Antwerpen";"4.  In Onderzoek";"nee";"0";"2012";"4.4031291470000724";"51.201760504000049"
"18";"2011068";"Lange_Lozanastraat_Vinkenstraat";"Lange Lozanastraat";"hoek Vinkenstraat";"2018";"Antwerpen";"5.  Gevraagd";"ja";"2012";"2012";"4.4046354430000747";"51.204560171000026"
"19";"2011252";"BREDERODE";"Balansstraat";"71";"2018";"Antwerpen";"6.  Uitgesteld";"ja";"2012";"2012";"4.3935660350000489";"51.202036814000053"
"20";"2011273";"STUDENTENBUURT";"Varkensmarkt";"tegenover 4";"2000";"Antwerpen";"6.  Uitgesteld";"ja";"0";"0";"4.4076208520000364";"51.225000641000065"
"21";"2011121";"Dambruggestraat_157";"Dambruggestraat";"157";"2060";"Antwerpen";"4.  In Onderzoek";"ja";"2014";"2014";"4.4221849990000237";"51.227159937000067"
"22";"2011099";"Spoorstraat";"Spoorstraat";"5A-D";"2060";"Antwerpen";"6.  Uitgesteld";"ja";"2014";"2014";"4.4206257610000534";"51.222672122000063"
"23";"2011065";"Van_Maerlantstraat";"Van Maerlantstraat";"pleintje Osystraat";"2060";"Antwerpen";"5.  Gevraagd";"Ja";"2012";"2012";"4.4183140760000583";"51.22211515500004"
"24";"2011101";"Emiel_Vloorstraat_6_8";"Emiel Vloorstraat";"6 - 8";"2020";"Antwerpen";"5.  Gevraagd";"Ja";"2014";"2014";"4.3768167310000763";"51.193357128000059"
"25";"2011163";"Piet_Verhaertstraat";"Piet Verhaertstraat";"19";"2020";"Antwerpen";"5.  Gevraagd";"ja";"2020";"2020";"4.3781829320000725";"51.192439811000042"
"26";"2011102";"Emiel Vloorstraat_11";"Emiel Vloorstraat";"11";"2020";"Antwerpen";"5.  Gevraagd";"Ja";"2014";"2014";"4.3733217530000275";"51.192627108000067"
"27";"2011272";"Jan Davidlei";"Max Roosestraat";"31-33";"2020";"Antwerpen";"5.  Gevraagd";"ja";"";"";"4.3744270770000639";"51.188161581000031"
"28";"2011107";"Boomsesteenweg";"Boomsesteenweg";"249";"2020";"Antwerpen";"5.  Gevraagd";"Ja";"2014";"2014";"4.3866164940000658";"51.190835651000043"
"29";"2011103";"Jan De Voslei";"Willem Eekelerstraat";"51";"2020";"Antwerpen";"3.  In Wacht";"ja";"2014";"2014";"4.388939821000065";"51.191851610000072"
"30";"2011105";"Jan De Voslei";"Jan De Voslei";"12-30";"2020";"Antwerpen";"3.  In Wacht";"ja";"2014";"2014";"4.3888261470000316";"51.188778033000062"
"31";"2011104";"Jan De Voslei";"Jan De Voslei";"34-36";"2020";"Antwerpen";"6.  Uitgesteld";"ja";"2014";"2014";"4.388815945000033";"51.187834272000032"
"32";"2011136";"FRUITHOFLAAN - 112";"Fruithoflaan";"112";"2600";"Berchem";"4.  In Onderzoek";"Ja";"2014";"2014";"4.4408099280000215";"51.184714862000078"
"33";"2011134";"FRUITHOFLAAN - 70";"Fruithoflaan";"70";"2600";"Berchem";"4.  In Onderzoek";"Ja";"2014";"2014";"4.436398160000067";"51.182081975000074"
"34";"2011138";"Corneel_Jaspersstraat";"Corneel Jaspersstraat";"hoek Corneel Van Reethstraat";"2600";"Berchem";"6.  Uitgesteld";"ja";"2014";"2014";"4.4378857310000512";"51.198159954000062"
"35";"2011197";"Tramplein";"Transvaalstraat";"";"2600";"Berchem";"4.  In Onderzoek";"ja";"2020";"2020";"4.4325966430000676";"51.205888212000048"
"36";"2011113";"Groenendaallaan_310_348";"Groenendaallaan";"310-348";"2030";"Antwerpen";"6.  Uitgesteld";"nee";"2014";"2014";"4.4216748230000462";"51.245973394000032"
"37";"2011112";"Hondurasstraat";"Hondurasstraat";"1 - 3";"2030";"Antwerpen";"6.  Uitgesteld";"nee";"2014";"2014";"4.4222026360000655";"51.25011905100007"
"38";"2011110";"Venezuelastraat_1";"Venezuelastraat";"1";"2030";"Antwerpen";"6.  Uitgesteld";"nee";"2014";"2014";"4.4215336040000466";"51.253921363000075"
"39";"2011078";"LUCHTBAL";"Cardiffstraat";"2";"2030";"Antwerpen";"6.  Uitgesteld";"nee";"2013";"2013";"4.4228363200000445";"51.254807836000055"
"40";"2011164";"LUCHTBAL";"Philadelphiastraat";"10 - 20";"2030";"Antwerpen";"6.  Uitgesteld";"nee";"2020";"2020";"4.4245229360000735";"51.259355668000069"
"41";"2011165";"LUCHTBAL";"Bostonstraat";"naast nr 13-15";"2030";"Antwerpen";"6.  Uitgesteld";"nee";"2020";"2020";"4.4223560600000269";"51.259952266000028"
"42";"2011156";"Rucaplein";"Rucaplein";"over nr 501";"2610";"Wilrijk";"5.  Gevraagd";"Ja";"2014";"2014";"4.4212645410000277";"51.178633795000053"
"43";"2011200";"Bokspane";"Bokspane";"naast nr 30";"2040";"Bezali";"5.  Gevraagd";"ja";"2020";"2020";"4.3098649450000721";"51.345841901000028"
"44";"2011150";"Rector_Vermeylenlaan";"Rector Vermeylenlaan";"26-28";"2660";"Hoboken";"4.  In Onderzoek";"Ja";"2014";"2014";"4.3670126760000585";"51.171205691000068"
"45";"2011157";"NEERLAND";"Krijgslaan -> Vuurkruisenlaan";"over nr 80";"2610";"Wilrijk";"4.  In Onderzoek";"nee";"2014";"2014";"4.39354271600007";"51.162517669000067"
"46";"2011096";"BIST";"Bist";"48-151";"2610";"Wilrijk";"6.  Uitgesteld";"Ja";"0";"";"4.394138918000067";"51.170217287000071"
"47";"2011155";"Kruishofstraat";"Kruishofstraat";"144";"2020";"Antwerpen";"5.  Gevraagd";"ja";"2014";"2014";"4.392266677000066";"51.182119452000052"
"48";"2011127";"Van der Sweepstraat";"Van der Sweepstraat";"naast nr 12";"2000";"Antwerpen";"5.  Gevraagd";"ja";"2014";"2014";"4.3855029930000455";"51.20677162800007"
"49";"2011271";"Collegelaan";"Collegelaan";"36";"2140";"Borgerhout";"5.  Gevraagd";"ja";"";"";"4.4582971290000728";"51.213770202000035"
"50";"2011148";"Wouter Haecklaan_4";"Wouter Haecklaan";"over nr 4";"2100";"Deurne";"5.  Gevraagd";"Ja";"2014";"2014";"4.4595586100000446";"51.213011357000028"
"51";"2011145";"GabriÃ«l Vervoortstraat_27";"GabriÃ«l Vervoortstraat";"over nr 27";"2100";"Deurne";"5.  Gevraagd";"Ja";"2014";"2014";"4.4609724350000306";"51.207502636000072"
"52";"2011088";"Plankenbergstraat";"Plankenbergstraat";"52";"2100";"Deurne";"6.  Uitgesteld";"Ja";"2013";"2013";"4.4647561520000636";"51.221299439000063"
"53";"2011202";"Te Couwelaerlei";"Te Couwelaerlei";"120";"2100";"Deurne";"5.  Gevraagd";"Ja";"2020";"2020";"4.4583911880000642";"51.222926200000074"
"54";"2011140";"Gallifortlei";"Gallifortlei";"over nr 237";"2100";"Deurne";"5.  Gevraagd";"Ja";"2014";"2014";"4.4659691550000389";"51.22523801300008"
"55";"2011139";"Baron Leroystraat";"Baron Leroystraat";"over nrs 91-93-95";"2100";"Deurne";"5.  Gevraagd";"Ja";"2014";"2014";"4.4728177090000258";"51.225789943000052"
"56";"2011203";"Wim Saerensplein";"Wim Saerensplein";"over nr 25";"2100";"Deurne";"4.  In Onderzoek";"Ja";"2020";"2012";"4.47860875300006";"51.228826577000063"
"57";"2011204";"De Bisthovenlei";"De Bisthovenlei";"over nrs 82-84";"2100";"Deurne";"5.  Gevraagd";"Ja";"2020";"2020";"4.4567852090000315";"51.227002317000029"
"58";"2011143";"Ten Eeckhovenlei";"Ten Eeckhovelei";"over nr 104";"2100";"Deurne";"5.  Gevraagd";"Ja";"2014";"2014";"4.4495968170000424";"51.226733076000073"
"59";"2011093";"Van Deynseplein";"Van Deynsestraat";"over nr 123";"2100";"Deurne";"6.  Uitgesteld";"Ja";"2013";"2013";"4.4509522050000214";"51.230030554000052"
"60";"2011090";"KRONENBURG";"Van Cortbeemdelei";"pleintje met Van Duyststraat";"2100";"Deurne";"6.  Uitgesteld";"Ja";"2013";"2013";"4.4445929420000425";"51.231305090000035"
"61";"2011089";"Tweemontstraat";"Tweemontstraat";"72";"2100";"Deurne";"6.  Uitgesteld";"Ja";"2013";"2013";"4.4528786950000381";"51.234206494000034"
"62";"2011091";"KRONENBURG";"Van Cortbeemdelei";"pleintje met Van Amstelstraat";"2100";"Deurne";"6.  Uitgesteld";"Ja";"2013";"2013";"4.448092177000035";"51.233383028000048"
"63";"2011216";"Distelhoek";"Distelhoek";"achter Lambrechtshoekenlaan 209-211";"2170";"Merksem";"6.  Uitgesteld";"Ja";"2020";"2020";"4.4331595270000435";"51.25128512200007"
"64";"2011153";"Lange Bremstraat";"Lange Bremstraat";"over nr 92";"2170";"Merksem";"6.  Uitgesteld";"Ja";"2014";"2014";"4.4528077640000561";"51.258355846000029"
"65";"2011218";"Leiebos";"Leiebos";"naast Melgesdreef 42";"2170";"Merksem";"6.  Uitgesteld";"Ja";"2020";"2020";"4.4589497500000448";"51.256044354000039"
"66";"2011214";"Borrewaterstraat";"Borrewaterstraat";"hoek Noordkaai";"2170";"Merksem";"6.  Uitgesteld";"Ja";"2020";"2020";"4.4448370440000531";"51.240144063000059"
"67";"2011217";"Frans De L'arbrelaan";"Frans De L'arbrelaan";"64";"2170";"Merksem";"6.  Uitgesteld";"Ja";"2020";"2020";"4.4402682820000337";"51.240081488000044"
"68";"2011170";"HALENSTRAAT";"Halenstraat";"over nr 81";"2060";"Antwerpen";"5.  Gevraagd";"ja";"2020";"2020";"4.4312526760000424";"51.227911378000044"
"69";"2011236";"Cecilianenstraat";"Van Couwervenstraat";"46";"2040";"Bezali";"6.  Uitgesteld";"ja";"2050";"2050";"4.325898852000023";"51.343071509000026"
"70";"2011237";"Kruisbos";"Kruisbos";"rechtover 8";"2040";"Bezali";"6.  Uitgesteld";"ja";"2050";"2050";"4.3261099570000283";"51.346058393000078"
"71";"2011238";"Hagelberg";"Hagelberg";"rechtover 9";"2040";"Bezali";"6.  Uitgesteld";"ja";"2050";"2050";"4.3280794710000237";"51.345793062000041"
"72";"2011239";"Franciscanenstraat";"Franciscanenstraat";"rechtover 15";"2040";"Bezali";"6.  Uitgesteld";"ja";"2050";"2050";"4.3235012400000414";"51.344413078000059"
"73";"2011240";"Dominicanenstraat";"Dominicanenstraat";"15";"2040";"Bezali";"6.  Uitgesteld";"ja";"2050";"2050";"4.3248827080000751";"51.345337335000067"
"74";"2011173";"REGATTA";"";"verlengde  Emile Dancolaan (ongeveer 100 meter west)";"2050";"Antwerpen";"4.  In Onderzoek";"nee";"2020";"2020";"4.3645350390000317";"51.219332731000065"
"75";"2011176";"REGATTA";"";"verlengde Aalscholverlaan";"2050";"Antwerpen";"4.  In Onderzoek";"nee";"2020";"2020";"4.3645130840000661";"51.217237735000026"
"76";"2011178";"REGATTA";"Aalscholverlaan";"achter Blancefloerlaan 181-183";"2050";"Antwerpen";"2.  In Aanleg";"nee";"0";"2012";"4.3687536860000478";"51.217306380000082"
"77";"2011179";"REGATTA";"Aalscholverlaan";"achter Blancefloerlaan 179A";"2050";"Antwerpen";"2.  In Aanleg";"nee";"0";"2012";"4.3717430050000416";"51.217272530000059"
"78";"2011174";"REGATTA";"";"verlengde  Cornelliestraat";"2050";"Antwerpen";"4.  In Onderzoek";"nee";"2020";"2020";"4.3645405060000257";"51.218562060000068"
"79";"2011095";"GANDHILAAN - WINDMOLENSTRAAT";"Gandhilaan";"voor Windmolenstraat 72-74";"2660";"Hoboken";"4.  In Onderzoek";"neen";"2013";"2014";"4.3652992410000593";"51.178928179000081"
"80";"2011209";"ALBE-SITE";"Dascottelei - Van den Hautelei";"183";"2100";"Deurne";"4.  In Onderzoek";"ja";"0";"2014";"4.4672305860000279";"51.201608694000072"
"81";"2011208";"EKSTERLAER";"Kerkhofweg";"116";"2100";"Deurne";"4.  In Onderzoek";"nee";"0";"2013";"4.4713095620000445";"51.199804515000039"
"82";"2011205";"EKSTERLAER";"Schoggestraat";"150 meter achter Dascottelei90-92";"2100";"Deurne";"4.  In Onderzoek";"nee";"0";"2013";"4.471555224000042";"51.20276466200005"
"83";"2011206";"EKSTERLAER";"Dascottelei";"achter 66";"2100";"Deurne";"4.  In Onderzoek";"nee";"0";"2013";"4.470105846000024";"51.201692748000028"
"84";"2011210";"EKSTERLAER";"Kerkhofweg";"achter Vleerakkerstraat 34";"2100";"Deurne";"4.  In Onderzoek";"nee";"0";"2013";"4.4738777530000675";"51.20183253700003"
"85";"2011192";"EILANDJE";"Napelsstraat";"53";"2000";"Antwerpen";"4.  In Onderzoek";"nee";"2020";"2020";"4.4116077760000394";"51.235538912000038"
"86";"2011073";"Gasstraat";"Gasstraat";"hoek Wilgenstraat";"2060";"Antwerpen";"4.  In Onderzoek";"ja";"2012";"2012";"4.4261284980000255";"51.224969498000064"
"87";"2011057";"DAMPLEIN";"Damplein";"aan kant Viaduct-Dam";"2060";"Antwerpen";"4.  In Onderzoek";"ja";"2011";"2012";"4.4243944000000397";"51.232296293000047"
"88";"2011193";"EILANDJE";"Kempischdok-Westkaai";"78";"2000";"Antwerpen";"4.  In Onderzoek";"nee";"2020";"2020";"4.4127936440000326";"51.232017085000052"
"89";"2011194";"EILANDJE";"Binnenvaartstraat";"50";"2000";"Antwerpen";"4.  In Onderzoek";"nee";"2020";"2020";"4.4135638570000424";"51.234381321000058"
"90";"2011084";"EILANDJE";"Kempischdok-Westkaai";"verlengde aan hoek Madrasstraat";"2000";"Antwerpen";"4.  In Onderzoek";"ja";"2013";"2013";"4.4113567730000227";"51.231935929000031"
"91";"2011186";"EILANDJE";"Kattendijkdok-Oostkaai";"hoek Cadixstraat";"2000";"Antwerpen";"4.  In Onderzoek";"nee";"2020";"2020";"4.4094398550000733";"51.233236759000079"
"92";"2011066";"STUDENTENBUURT";"Sint Jacobsmarkt";"Frans Halsplein";"2000";"Antwerpen";"4.  In Onderzoek";"ja";"2012";"2014";"4.4119694630000481";"51.220437206000042"
"93";"2011141";"Jan Brochovenstraat";"Jan Brochovenstraat";"over nr 28";"2100";"Deurne";"5.  Gevraagd";"Ja";"2014";"2014";"4.4612454260000618";"51.22219203700007"
"94";"2011219";"Jan_Frans_Van_De_Gaerstraat";"Jan Frans van De Gaerstraat";"Kielpark 193-288";"2020";"Antwerpen";"6.  Uitgesteld";"nee";"2050";"2050";"4.3859664180000664";"51.190725222000026"
"95";"2011117";"Montevideo";"Montevideostraat";"hoek Kattendijkdok-Westkaai";"2000";"Antwerpen";"3.  In Wacht";"ja";"2014";"2014";"4.4049229400000627";"51.233063123000079"
"96";"2011082";"REGATTA";"Hubert Lampolaan";"hoek Frederic Bruynseelslaan";"2050";"Antwerpen";"4.  In Onderzoek";"nee";"2013";"2013";"4.3660166740000363";"51.217692639000063"
"97";"2011177";"REGATTA";"Hugues C. Pernathlaan";"ten zuiden van hoek met Aalscholverlaan";"2050";"Antwerpen";"4.  In Onderzoek";"nee";"2020";"2020";"4.3679328660000465";"51.21727807700006"
"98";"2011061";"Kerkstraat_85";"Kerkstraat";"85";"2060";"Antwerpen";"5.  Gevraagd";"ja";"2011";"2011";"4.4310875370000531";"51.219044035000081"
"99";"2011060";"Kerkstraat_91";"Kerkstraat";"naast nr 91";"2060";"Antwerpen";"5.  Gevraagd";"ja";"2011";"2011";"4.432250750000037";"51.219009761000052"
"100";"2011059";"Kerkstraat_192";"Kerkstraat";"naast nr 192";"2060";"Antwerpen";"5.  Gevraagd";"ja";"2011";"2011";"4.4359256550000623";"51.220002553000029"
"101";"2011062";"Lange_Kongostraat";"Lange Kongostraat";"naast nr 41";"2060";"Antwerpen";"5.  Gevraagd";"ja";"2011";"2011";"4.4395784720000506";"51.223181560000057"
"102";"2011241";"STUDENTENBUURT";"Ossenmarkt";"tegenover 32";"2000";"Antwerpen";"6.  Uitgesteld";"ja";"2050";"2050";"4.4134756320000292";"51.221973153000079"
"103";"2011267";"0";"0";"0";"0";"0";"0";"0";"0";"0";"4.4365338030000316";"51.228668585000037"
"104";"2011081";"REGATTA";"Antwerpen";"tussen Willy De Roosstraat en Emile Dancolaan";"2050";"Antwerpen";"4.  In Onderzoek";"nee";"2013";"2013";"4.3659882310000739";"51.219185741000047"
"105";"2011085";"EILANDJE";"Napelsstraat";"hoek IndiÃ«straat";"2000";"Antwerpen";"4.  In Onderzoek";"ja";"2013";"2013";"4.4108909250000465";"51.234345569000027"
"106";"2011187";"EILANDJE";"Kattendijkdok-Oostkaai";"over nr 22";"2000";"Antwerpen";"4.  In Onderzoek";"nee";"2020";"2020";"4.4090552120000552";"51.232394257000067"
"107";"2011058";"Potgieterstraat";"Potgieterstraat";"1";"2060";"Antwerpen";"5.  Gevraagd";"ja";"2011";"2011";"4.4370356690000676";"51.221864549000031"
"108";"2011063";"POTHOEKSTRAAT";"Pothoekstraat";"tegenover 94";"2060";"Antwerpen";"2.  In Aanleg";"ja";"2011";"2012";"4.436548129000073";"51.22353421400004"
"109";"2011069";"Lodewijk_Van_Berckenlaan";"Lodewijk Van Berckenlaan";"179";"2140";"Borgerhout";"5.  Gevraagd";"Ja";"2012";"2012";"4.4485603430000538";"51.197422879000044"
"110";"2011070";"Lange_Beeldekensstraat";"Lange Beeldekensstraat";"over 298-300";"2060";"Antwerpen";"5.  Gevraagd";"ja";"2012";"2012";"4.4358253440000226";"51.222438284000077"
"111";"2011072";"Handelsstraat - Korte_Zavelstraat";"Handelsstraat";"hoek Korte Zavelstraat";"2060";"Antwerpen";"5.  Gevraagd";"Ja";"2012";"2012";"4.4274800040000741";"51.223287009000046"
"112";"2011074";"Bredastraat";"Bredastraat";"77";"2060";"Antwerpen";"6.  Uitgesteld";"ja";"2012";"2012";"4.4229853450000292";"51.233869875000039"
"113";"2011100";"Alfons De Cockstraat";"Alfons De Cockstraat";"1 - 3";"2020";"Antwerpen";"5.  Gevraagd";"Ja";"2014";"2014";"4.3763522280000302";"51.188897416000032"
"114";"2011106";"Jan De Voslei";"Jan De Voslei";"1-17";"2020";"Antwerpen";"3.  In Wacht";"ja";"2014";"2014";"4.389743974000055";"51.186267828000041"
"115";"2011108";"Jan De Voslei";"Jan De Voslei";"49";"2020";"Antwerpen";"6.  Uitgesteld";"Ja";"2014";"2014";"4.3873597620000737";"51.192532276000065"
"116";"2011109";"Julius_De_Geyterstraat";"Julius De Geyterstr";"93-95";"2020";"Antwerpen";"5.  Gevraagd";"Ja";"2014";"2014";"4.3784675100000641";"51.184480447000055"
"117";"2011111";"Venezuelastraat_6";"Venezuelastraat";"6";"2030";"Antwerpen";"6.  Uitgesteld";"nee";"2014";"2014";"4.4234720490000541";"51.253563893000035"
"118";"2011114";"Groenendaallaan_270_308";"Groenendaallaan";"270-308";"2030";"Antwerpen";"6.  Uitgesteld";"nee";"2014";"2014";"4.4225544780000519";"51.24597809900007"
"119";"2011118";"Hollandstraat";"Hollandstraat";"21-27";"2060";"Antwerpen";"5.  Gevraagd";"ja";"2014";"2014";"4.4199360150000757";"51.223407510000072"
"120";"2011119";"Kempenstraat_Spitsenstraat";"Kempenstraat";"hoek Spitsenstraat";"2030";"Antwerpen";"5.  Gevraagd";"ja";"2014";"2014";"4.4172559430000433";"51.231796845000076"
"121";"2011120";"Delinstraat_Sint_Elisabethstraat";"Delinstraat";"hoek Sint-Elisabethstraat";"2060";"Antwerpen";"5.  Gevraagd";"ja";"2014";"2014";"4.4238733900000398";"51.222572725000077"
"122";"2011067";"DAMBRUGGESTRAAT - OUDESTEENWEG";"Dambruggestraat";"Oudesteenweg";"2060";"Antwerpen";"4.  In Onderzoek";"ja";"2012";"2012";"4.421553106000033";"51.223548430000051"
"123";"2011122";"Delinstraat_Lange_Beeldekensstraat";"Delinstraat";"58";"2060";"Antwerpen";"5.  Gevraagd";"ja";"2014";"2014";"4.4240379310000435";"51.221344556000076"
"124";"2011123";"PARK SPOOR NOORD";"Halenstraat";"over nr 71";"2060";"Antwerpen";"5.  Gevraagd";"ja";"2014";"2014";"4.4340654630000245";"51.22796280600005"
"125";"2011124";"Sint_Norbertusstraat";"St Norbertusstraat";"over nr 16";"2060";"Antwerpen";"4.  In Onderzoek";"ja";"2014";"2014";"4.4234128070000338";"51.226055657000074"
"126";"2011125";"Stuivenbergplein";"Stuivenbergplein";"over nr 74-85";"2060";"Antwerpen";"6.  Uitgesteld";"ja";"2014";"2014";"4.4288433730000634";"51.226305977000038"
"127";"2011130";"Gloriantlaan_62_64";"Gloriantlaan";"62-64";"2050";"Antwerpen";"5.  Gevraagd";"nee";"2014";"2014";"4.3852098250000608";"51.224637679000068"
"128";"2011131";"Dageraadplaats";"Dageraadplaats";"over nr 29";"2018";"Antwerpen";"5.  Gevraagd";"ja";"2014";"2014";"4.4296981370000594";"51.206960977000051"
"129";"2011159";"Lange_Lozannastraat_101_103";"Lange Lozanastraat";"101-103";"2018";"Antwerpen";"5.  Gevraagd";"ja";"2020";"2020";"4.4050484560000314";"51.203671652000025"
"130";"2011160";"Wittestraat";"Wittestraat";"hoek Boomsesteenweg";"2020";"Antwerpen";"5.  Gevraagd";"ja";"2020";"2020";"4.3865565840000613";"51.189718915000071"
"131";"2011161";"De_Bosschaertstraat_186";"De Bosschaertstraat";"naast nr 186";"2020";"Antwerpen";"5.  Gevraagd";"ja";"2020";"2020";"4.3819055340000546";"51.18660449500004"
"132";"2011162";"De_Bosschaertstraat_Pierenbergstraat";"Pierenbergstraat";"63";"2020";"Antwerpen";"5.  Gevraagd";"ja";"2020";"2020";"4.3799023020000618";"51.187557955000045"
"133";"2011166";"LUCHTBAL";"Canadalaan";"naast nr 213";"2030";"Antwerpen";"6.  Uitgesteld";"nee";"2020";"2020";"4.4212114560000373";"51.25537225100004"
"134";"2011167";"Canadalaan_233_235";"Canadalaan";"naast nr 233-235";"2030";"Antwerpen";"6.  Uitgesteld";"nee";"2020";"2020";"4.4213585530000614";"51.256646076000038"
"135";"2011168";"Kattendijkdok_Westkaai_16";"Kattendijkdok Westkaai";"over nr 16";"2000";"Antwerpen";"4.  In Onderzoek";"ja";"2020";"2020";"4.4053177830000436";"51.232626527000036"
"136";"2011171";"VISÃSTRAAT - STUIVENBERGPLEIN";"VisÃ©straat";"naast Stuivenbergplein 38";"2060";"Antwerpen";"5.  Gevraagd";"ja";"2020";"2020";"4.4320963280000569";"51.227159844000028"
"137";"2011180";"Gloriantlaan_46";"Gloriantlaan";"46";"2050";"Antwerpen";"5.  Gevraagd";"nee";"2020";"2020";"4.3858005410000374";"51.228534524000054"
"138";"2011182";"Victor_Delhezstraat";"Victor Delhezstraat";"naast nr 6";"2050";"Antwerpen";"5.  Gevraagd";"nee";"2020";"2020";"4.3733920530000319";"51.218747586000063"
"139";"2011188";"Adriaan_Brouwerstraat";"Adriaan Brouwerstraat";"19";"2000";"Antwerpen";"5.  Gevraagd";"ja";"2020";"2020";"4.4036289990000341";"51.227179942000078"
"140";"2011190";"Carnotstraat";"Carnotstraat";"65";"2060";"Antwerpen";"5.  Gevraagd";"ja";"2020";"2020";"4.4249834950000491";"51.218410948000042"
"141";"2011191";"Kattendijkdok_Westkaai_midden";"Kattendijdok-Westkaai";"midden tussen Montevideostraat en Limastraat";"2000";"Antwerpen";"5.  Gevraagd";"ja";"2020";"2020";"4.4049038150000683";"51.233738234000043"
"142";"2011195";"Kempenstraat_midden";"Kempenstraat";"midden tussen Spitsenstraat en Binnenvaartstraat";"2030";"Antwerpen";"5.  Gevraagd";"ja";"2020";"2020";"4.4156998170000747";"51.231746114000032"
"143";"2011196";"Sint_Aldegondiskaai";"Sint-Aldegondiskaai";"30";"2000";"Antwerpen";"5.  Gevraagd";"ja";"2020";"2020";"4.403542567000045";"51.227844781000044"
"144";"2011132";"Ringlaan";"Ringlaan";"hoek Bourcetstraat";"2600";"Berchem";"5.  Gevraagd";"Ja";"2014";"2014";"4.4313729300000659";"51.179204372000072"
"145";"2011133";"FRUITHOFLAAN - SINT-THERESIASTRAAT";"Fruithoflaan";"11";"2600";"Berchem";"4.  In Onderzoek";"Ja";"2014";"2014";"4.4345598060000384";"51.180518848000077"
"146";"2011135";"FRUITHOFLAAN - 98";"Fruithoflaan";"98";"2600";"Berchem";"4.  In Onderzoek";"Ja";"2014";"2014";"4.4388160690000404";"51.183543710000038"
"147";"2011137";"FRUITHOFLAAN - 118-122";"Fruithoflaan";"tussen nr 118 en 122";"2600";"Berchem";"4.  In Onderzoek";"Ja";"2014";"2014";"4.4422695460000341";"51.185693169000047"
"148";"2011189";"Jos_Ratinckxstraat";"Jos Ratinckxstraat";"1";"2600";"Berchem";"5.  Gevraagd";"ja";"2020";"2020";"4.4417693100000406";"51.183994407000057"
"149";"2011198";"Grote_Steenweg-Uitbreidingsstraat";"Grote Steenweg";"hoek Uitbreidingstraat";"2600";"Berchem";"5.  Gevraagd";"Ja";"2020";"2020";"4.4216138950000641";"51.19326307800003"
"150";"2011199";"Frans_De_Vriendtstraat";"Frans De Vriendtstraat";"48";"2600";"Berchem";"5.  Gevraagd";"ja";"2020";"2020";"4.4442092800000523";"51.204531144000043"
"151";"2011242";"STUDENTENBUURT";"Stadswaag";"tegenover 4";"2000";"Antwerpen";"6.  Uitgesteld";"ja";"2050";"2050";"4.407176163000031";"51.224056008000048"
"152";"2011244";"STUDENTENBUURT";"Grote Kauwenberg";"2";"2000";"Antwerpen";"6.  Uitgesteld";"ja";"2050";"2050";"4.4114783050000597";"51.223436998000068"
"153";"2011245";"Driesnellenstraat";"Driesnellenstraat";"9";"2060";"Antwerpen";"6.  Uitgesteld";"ja";"2050";"2050";"4.4240807460000724";"51.234169618000067"
"154";"2011246";"Onderwijsstraat";"Onderwijsstraat";"rechtover 77";"2060";"Antwerpen";"4.  In Onderzoek";"ja";"2050";"2050";"4.4364642150000577";"51.226256019000061"
"155";"2011086";"Kwekerijstraat";"Kwekerijstraat";"plein naast nr 112";"2140";"Borgerhout";"3.  In Wacht";"Ja";"2013";"2013";"4.4439231610000434";"51.21970023800003"
"156";"2011229";"Moorkensplein";"Moorkensplein";"Mareestraat 19";"2140";"Borgerhout";"4.  In Onderzoek";"Ja";"2016";"2016";"4.4340431880000324";"51.213226648000045"
"157";"2011087";"Laar";"Laar";"plein";"2140";"Borgerhout";"6.  Uitgesteld";"ja";"2013";"2013";"4.4331281040000476";"51.216053892000048"
"158";"2011201";"Vercammenstraat";"Vercammenstraat";"1B";"2140";"Borgerhout";"5.  Gevraagd";"Ja";"2020";"2020";"4.4385726780000709";"51.218575961000056"
"159";"2011092";"KRONENBURG";"Van Amstelstraat";"pleintje met Albert Bevernagelei";"2100";"Deurne";"6.  Uitgesteld";"Ja";"2013";"2013";"4.4484393470000327";"51.232592995000061"
"160";"2011207";"EKSTERLAER";"Constant Jorislaan";"33";"2100";"Deurne";"4.  In Onderzoek";"nee";"0";"2013";"4.4692846880000729";"51.20044641100003"
"161";"2011211";"EKSTERLAER";"Kerkhofweg";"40D";"2100";"Deurne";"4.  In Onderzoek";"nee";"0";"2013";"4.473331321000046";"51.203993187000037"
"162";"2011076";"Dordrechtlaan";"Dordrechtlaan";"58W-58Z";"2100";"Deurne";"5.  Gevraagd";"Ja";"2012";"2012";"4.4593494610000448";"51.205628955000066"
"163";"2011146";"GabriÃ«l Vervoortstraat_91";"GabriÃ«l Vervoortstraat";"over nr 91";"2100";"Deurne";"5.  Gevraagd";"Ja";"2014";"2014";"4.4623733510000534";"51.206594464000034"
"164";"2011147";"Wouter Haecklaan_12";"Wouter Haecklaan";"over nr 12";"2100";"Deurne";"5.  Gevraagd";"Ja";"2014";"2014";"4.462160610000069";"51.211245603000066"
"165";"2011149";"Drakenhoflaan";"Drakenhoflaan";"160";"2100";"Deurne";"6.  Uitgesteld";"ja";"2014";"2014";"4.4622538450000206";"51.194458780000048"
"166";"2011212";"EKSTERLAER";"Klein-Eksterlaer";"achter Van Den Hautelei 196-198";"2100";"Deurne";"4.  In Onderzoek";"nee";"2020";"2020";"4.4659808820000535";"51.200585416000081"
"167";"2011247";"VALAAR";"Jules Draeyersstraat";"rechtover 1";"2610";"Wilrijk";"6.  Uitgesteld";"ja";"2012";"2012";"4.3795382290000475";"51.176881250000065"
"168";"2011213";"Herentalsebaan";"Herentalsebaan";"achter nr 146";"2100";"Deurne";"5.  Gevraagd";"ja";"2020";"2020";"4.4597919990000605";"51.209002535000081"
"169";"2011233";"Schoonbroek";"Tractaatstraat";"11";"2180";"Ekeren";"6.  Uitgesteld";"ja";"2050";"2050";"4.4111826010000641";"51.279813998000066"
"170";"2011234";"Statiestraat";"Statiestraat";"16-17";"2180";"Ekeren";"6.  Uitgesteld";"ja";"2050";"2050";"4.4350983440000391";"51.285541155000033"
"171";"2011151";"Scanfil_81";"Berkenrodelei";"100 m achter nr 81";"2660";"Hoboken";"4.  In Onderzoek";"nee";"2014";"2014";"4.3473621730000218";"51.180306772000051"
"172";"2011152";"Scanfil_61";"Berkenrodelei";"100 m achter nr 61";"2660";"Hoboken";"4.  In Onderzoek";"nee";"2014";"2014";"4.3476980610000737";"51.179552808000039"
"173";"2011094";"Adolf Greinerstraat";"Adolf Greinerstraat";"hoek Kapelstraat/Baron Sadoinestraat";"2660";"Hoboken";"6.  Uitgesteld";"ja";"2013";"2013";"4.335221428000068";"51.171937725000078"
"174";"2011215";"Sint-Bartholomeusstraat";"Sint-Bartholomeusstraat";"tussen Oostkaai en Westkaai";"2170";"Merksem";"6.  Uitgesteld";"Ja";"2020";"2020";"4.4476206950000687";"51.243150343000082"
"175";"2011097";"NEERLAND";"Krijgslaan -> Galleitlaan";"over nr 220";"2610";"Wilrijk";"4.  In Onderzoek";"nee";"2013";"2013";"4.3910837860000242";"51.162369402000081"
"176";"2011098";"NEERLAND";"Krijgslaan";"over nr 170";"2610";"Wilrijk";"4.  In Onderzoek";"nee";"2013";"0";"4.3897463970000672";"51.16249257100003"
"177";"2011154";"Sporthalplein";"Sporthalplein";"naast nr 3";"2610";"Wilrijk";"5.  Gevraagd";"Ja";"2014";"2014";"4.3918179140000575";"51.171419821000029"
"178";"2011248";"VALAAR";"Pastoor Bauwenslaan";"rechtover 2";"2610";"Wilrijk";"6.  Uitgesteld";"ja";"2012";"2012";"4.3815682900000752";"51.177492037000036"
"179";"2011249";"VALAAR";"Rooiboslaan";"200";"2610";"Wilrijk";"6.  Uitgesteld";"ja";"2012";"2012";"4.3821959120000429";"51.176972909000028"
"180";"2011250";"VALAAR";"Primulalei";"rechtover 14";"2610";"Wilrijk";"6.  Uitgesteld";"ja";"2012";"2012";"4.3812496500000293";"51.176381637000077"
"181";"2011251";"VALAAR";"Bosheidelaan";"rechtover 32";"2610";"Wilrijk";"6.  Uitgesteld";"ja";"2012";"2012";"4.3802978930000336";"51.17618991300003"
"182";"2011253";"BREDERODE";"Cuylitsstraat";"22a";"2018";"Antwerpen";"2.  In Aanleg";"ja";"2012";"2012";"4.3934665900000596";"51.204767708000077"
"183";"2011254";"BREDERODE";"Montignystraat";"43 - 51";"2018";"Antwerpen";"6.  Uitgesteld";"ja";"2012";"2012";"4.3921539780000671";"51.203794623000078"
"184";"2011255";"BREDERODE";"Troonplaats";"rechtover 2";"2018";"Antwerpen";"3.  In Wacht";"ja";"2012";"2013";"4.3921952130000363";"51.203418213000077"
"185";"2011256";"BREDERODE";"Paleisstraat";"122";"2018";"Antwerpen";"6.  Uitgesteld";"ja";"";"2012";"4.3972695050000539";"51.205640558000027"
"186";"2011258";"Frederik Van Eedenpein";"Frederik Van Eedenpein";"17";"2050";"Antwerpen";"4.  In Onderzoek";"nee";"2012";"2012";"4.3862651820000451";"51.220993370000031"
"187";"2011259";"August Vermeylenlaan";"August Vermeylenlaan";"21";"2050";"Antwerpen";"4.  In Onderzoek";"nee";"2012";"2012";"4.3788825820000739";"51.229754297000056"
"188";"2011260";"Esmoreitlaan";"Esmoreitlaan";"3";"2050";"Antwerpen";"4.  In Onderzoek";"nee";"2012";"2012";"4.3848665590000451";"51.233300997000072"
"189";"2011262";"Plantin en Moretuslei";"Plantin en Moretuslei";"331 - 335";"2140";"Borgerhout";"6.  Uitgesteld";"Ja";"2012";"2012";"4.4369783820000634";"51.209099996000077"
"190";"2011243";"STUDENTENBUURT";"Academie";"tegenover 2";"2000";"Antwerpen";"6.  Uitgesteld";"ja";"2050";"2050";"4.4059968030000505";"51.222983244000034"
"191";"2011265";"Professor Claraplein";"Professor Claraplein";"2";"2018";"Antwerpen";"6.  Uitgesteld";"ja";"2012";"0";"4.4196551620000264";"51.20097652100003"
"192";"2011077";"STUDENTENBUURT";"Kleine Kauwenberg";"over nr 22";"2000";"Antwerpen";"3.  In Wacht";"ja";"2013";"2013";"4.411983770000063";"51.223987951000026"
"193";"2011275";"August Vermeylenlaan";"August Vermeylenlaan";"naast 1 - 3";"2050";"Antwerpen";"4.  In Onderzoek";"nee";"";"";"4.3790336800000205";"51.232422932000077"
"194";"2011276";"Esmoreitlaan";"Esmoreitlaan";"7";"2050";"Antwerpen";"4.  In Onderzoek";"nee";"";"";"4.3827983380000433";"51.232973320000042"
"195";"2011277";"Esmoreitlaan";"Esmoreitlaan";"29";"2050";"Antwerpen";"4.  In Onderzoek";"nee";"";"";"4.3814366900000437";"51.232594254000048"
"196";"2011263";"LUCHTBAL";"Bristolstraat";"8";"2030";"Antwerpen";"4.  In Onderzoek";"nee";"2013";"2012";"4.4237263770000368";"51.255185657000027"
"197";"2011264";"LUCHTBAL";"Belfaststraat";"11";"2030";"Antwerpen";"6.  Uitgesteld";"nee";"2013";"2012";"4.4243967300000691";"51.255361074000064"
"198";"2011266";"De Coninckplein";"Van Arteveldestraat";"nr 64 - voor apotheek De Coninckplein 9-10";"2060";"Antwerpen";"4.  In Onderzoek";"ja";"2012";"2012";"4.4203891680000424";"51.221653543000059"
"199";"2011270";"Ellermanstraat";"Ellermanstraat";"toren 2 (over De Pretstraat)";"2060";"Antwerpen";"4.  In Onderzoek";"nee";"";"";"4.4172337890000222";"51.229927339000028"
"200";"2011222";"Uitbreidingsstraat";"Uitbreidingsstraat";"hoek De Villegasstraat";"2600";"Berchem";"6.  Uitgesteld";"Ja";"2050";"2050";"4.4249510250000412";"51.194999730000063"
"201";"2011224";"Van Couwervenstraat";"Van Couwervenstraat";"128";"2040";"BeZaLi";"6.  Uitgesteld";"Ja";"2050";"2050";"4.3255651070000454";"51.344504358000052"
"202";"2011225";"Luitenant_Naeyaertplein";"Luitenant Naeyaertplein";"op pleintje";"2140";"Borgerhout";"6.  Uitgesteld";"Ja";"2050";"2050";"4.4401563520000309";"51.209937225000033"
"203";"2011226";"Joe_Englishstraat";"Joe Englishstraat";"42";"2140";"Borgerhout";"6.  Uitgesteld";"Ja";"2050";"2050";"4.4475821790000509";"51.211114644000077"
"204";"2011227";"Luisbekelaar";"Luisbekelaar";"4";"2140";"Borgerhout";"6.  Uitgesteld";"Ja";"2050";"2050";"4.4455861430000709";"51.205513014000076"
"205";"2011228";"Koxplein";"Koxplein";"thv De Shelter";"2140";"Borgerhout";"6.  Uitgesteld";"Ja";"2050";"2050";"4.4339029960000289";"51.21143726400004"
"206";"2011230";"Bosuil";"Bosuil";"tussen Kerkeveldlaan 77-79";"2100";"Deurne";"6.  Uitgesteld";"Ja";"2050";"2050";"4.4629306430000497";"51.230033964000029"
"207";"2011231";"Clara Snellingstraat";"Clara Snellingsstraat";"hoek Eikblokstraat";"2100";"Deurne";"6.  Uitgesteld";"ja";"2050";"2050";"4.4630329870000764";"51.223920675000045"
"208";"2011232";"Veltwijcklaan";"Veltwijcklaan";"48";"2180";"Ekeren";"6.  Uitgesteld";"ja";"2050";"2050";"4.4219665060000466";"51.277745914000036"
"209";"2011235";"Van Stralenlei";"Van Stralenlei";"hoek Sint Bartholomeusstraat";"2170";"Merksem";"6.  Uitgesteld";"ja";"2050";"2050";"4.4453366300000425";"51.242809798000053"
"210";"2011175";"REGATTA";"";"verlengde Aalscholverlaan";"2050";"Antwerpen";"4.  In Onderzoek";"nee";"2020";"2020";"4.3660493620000693";"51.217137907000051"
"211";"2011269";"Edison";"Edisonlaan";"0";"2030";"Antwerpen";"4.  In Onderzoek";"nee";"0";"0";"4.4119291760000579";"51.291986541000028"
"212";"2011261";"Lombarden";"Pandstraat";"";"2000";"Antwerpen";"6.  Uitgesteld";"ja";"0";"0";"4.4009918540000399";"51.21778783600007"
"213";"2011223";"EILANDJE";"Kempischdok-Westkaai";"0";"2000";"Antwerpen";"4.  In Onderzoek";"nee";"0";"0";"4.412756742000056";"51.234047757000042"
"214";"2011278";"VALAAR";"Kolonel Slaterplein";"over nr 1";"2610";"Wilrijk";"3.  In Wacht";"ja";"";"";"4.3774473600000761";"51.176788599000076"
"215";"2011279";"VALAAR";"Ridderveld";"over nr 1";"2610";"Wilrijk";"4.  In Onderzoek";"ja";"";"";"4.3745939530000442";"51.177485030000071"
"216";"2011280";"BelgiÃ«lei";"BelgiÃ«lei";"34";"2018";"Antwerpen";"4.  In Onderzoek";"ja";"";"";"4.4213032290000456";"51.208346977000076"
"217";"2011281";"BelgiÃ«lei";"BelgiÃ«lei";"94";"2018";"Antwerpen";"4.  In Onderzoek";"ja";"";"";"4.4184849110000641";"51.206312162000074"
"218";"2011282";"BelgiÃ«lei";"BelgiÃ«lei";"142";"2018";"Antwerpen";"4.  In Onderzoek";"ja";"";"";"4.4156438990000311";"51.204320609000035"
"219";"2011283";"BelgiÃ«lei";"BelgiÃ«lei";"204";"2018";"Antwerpen";"4.  In Onderzoek";"ja";"";"";"4.4129871270000649";"51.202444437000054"
"220";"2011284";"BelgiÃ«lei";"Van Den Nestlei";"10";"2018";"Antwerpen";"4.  In Onderzoek";"ja";"";"";"4.4243795570000657";"51.209729996000078"
"221";"2011268";"Plantin en Moretuslei";"Plantin en Moretuslei";"123 - 135";"2140";"Borgerhout";"6.  Uitgesteld";"ja";"2012";"2012";"4.4278921180000452";"51.210143556000048"
"222";"2011257";"Blancefloerlaan";" ";"4";"2050";"Antwerpen";"4.  In Onderzoek";"nee";"2012";"2012";"4.3864874820000637";"51.219858760000079"
"223";"2011287";"Fodderiestraat";"Fodderiestraat";"89";"2660";"Hoboken";"4.  In Onderzoek";"NEE";"";"2020";"4.3456743860000415";"51.180548753000039"
"224";"2011288";"Pijlstraat";"Pijlstraat";"1";"2060";"Antwerpen";"4.  In Onderzoek";"0";"";"2012";"4.4189122920000727";"51.221379196000044"
"225";"2011289";"Kroonstraat";"Kroonstraat";"80";"2140";"Borgerhout";"4.  In Onderzoek";"0";"";"2012";"4.4296547110000688";"51.213808269000026"
"226";"2011290";"kievit fase II";"van Immerseelstraat";"1";"2018";"Antwerpen";"4.  In Onderzoek";"nee";"";"2014";"4.4226534040000729";"51.213048835000052"
"227";"2011185";"EILANDJE";"Kempischdok-Westkaai";"26-28";"2000";"Antwerpen";"4.  In Onderzoek";"nee";"2020";"2020";"4.4128326030000267";"51.233713943000055"
"228";"2011144";"Jos Van Geellaan";"Deurne";"over nr 15bis";"2100";"Deurne";"5.  Gevraagd";"Ja";"2014";"2014";"4.4688872390000256";"51.208336641000074"
"229";"2011286";"Breedsteert";"verkaveling";"0";"2040";"Bezali";"6.  Uitgesteld";"NEE";"";"";"4.3253164570000422";"51.349949861000027"
"230";"2011291";"BREDERODE";"Fransenplaats";"3";"2018";"Antwerpen";"6.  Uitgesteld";"0";"";"";"4.3978125890000683";"51.200572253000075"
"231";"2011292";"Sint-Vincentius";"Sint-Vincentiusstraat";"20";"2018";"Antwerpen";"6.  Uitgesteld";"0";"";"";"4.4135684950000496";"51.205714940000064"
"232";"2011293";"BREDERODE";"Stockmansstraat";"7";"2018";"Antwerpen";"6.  Uitgesteld";"ja";"";"2012";"4.4050180820000264";"51.208916711000029"
"233";"2011294";"BREDERODE";"Solvynsstraat";"9";"2018";"Antwerpen";"6.  Uitgesteld";"ja";"";"2012";"4.4022601110000323";"51.207551558000034"
"234";"2011295";"BREDERODE";"Bolwerkstraat";"26";"2018";"Antwerpen";"6.  Uitgesteld";"ja";"";"2012";"4.399925473000053";"51.207112695000035"
"235";"2011299";"DAM";"Kalverstraat";"6";"2060";"Antwerpen";"6.  Uitgesteld";"0";"";"2012";"4.4319971180000266";"51.230721335000055"
"236";"2011300";"Baron Dhanislaan";"Emiel Banningstraat";"15-17";"2000";"Antwerpen";"6.  Uitgesteld";"JA";"";"2013";"4.3897224330000313";"51.205824458000052"
"237";"2012301";"0";"0";"0";"0";"0";"0";"0";"";"0";"4.4314727380000249";"51.230191540000078"
"238";"2012302";"DE VELDEKENS";"Kanunnik Peetersstraat";"thv nÂ° 70";"2600";"Berchem";"4.  In Onderzoek";"nee";"0";"2012";"4.4330880500000376";"51.189769045000048"
"239";"2012303";"Nieuw Zuid - S1";"omgeving Van der Sweepstraat";"0";"2000";"Antwerpen";"4.  In Onderzoek";"NEE";"";"";"4.384804306000035";"51.206834021000077"
"240";"2012304";"Nieuw Zuid - S2";"Striga 1";"Kant Ledeganckkaai";"2000";"Antwerpen";"4.  In Onderzoek";"NEE";"";"";"4.3828589450000663";"51.206369128000063"
"241";"2012305";"Nieuw Zuid - S3";"Striga 1";"kant snelweg";"2000";"Antwerpen";"4.  In Onderzoek";"NEE";"";"";"4.3838863820000711";"51.205181786000026"
"242";"2012306";"Nieuw Zuid - S4";"Striga 2";"kant  Ledeganckkaai";"2000";"Antwerpen";"4.  In Onderzoek";"NEE";"";"";"4.3815988140000286";"51.205779155000073"
"243";"2012308";"Nieuw Zuid - S6";"Striga 3";"Kant Ledeganckkaai";"2000";"Antwerpen";"4.  In Onderzoek";"NEE";"";"";"4.3798302140000374";"51.204758774000027"
"244";"2012310";"Nieuw Zuid  - S8";"Striga 4";"Kant Ledeganckkaai";"2020";"Antwerpen";"4.  In Onderzoek";"NEE";"";"";"4.3784707920000301";"51.204557569000031"
"245";"2012312";"Nieuw Zuid - S10";"Striga 6";"Kant D'Herbouvillekaai";"2020";"Antwerpen";"4.  In Onderzoek";"NEE";"";"";"4.3770892620000268";"51.204273038000053"
"246";"2012307";"Nieuw Zuid - S5";"Striga 2";"kant snelweg";"2000";"Antwerpen";"4.  In Onderzoek";"NEE";"";"";"4.3823610380000559";"51.204619628000046"
"247";"2012309";"Nieuw Zuid - S7";"Striga 3";"kant snelweg";"2000";"Antwerpen";"4.  In Onderzoek";"NEE";"";"";"4.3804931210000291";"51.204036659000053"
"248";"2012311";"Nieuw Zuid  - S9";"Striga 4";"kant snelweg";"2020";"Antwerpen";"4.  In Onderzoek";"NEE";"";"";"4.3792994380000323";"51.20362022200004"
"249";"2012313";"Nieuw Zuid - S11";"Striga 6";"kant snelweg";"2020";"Antwerpen";"4.  In Onderzoek";"NEE";"";"";"4.3782605420000209";"51.203405097000029"
"250";"2011115";"Rozemaai";"Herman Vosstraat";"7";"2030";"Antwerpen";"4.  In Onderzoek";"nee";"2014";"";"4.4119888700000729";"51.271610987000031"
"251";"2011116";"Rozemaai";"Renaat Veremansstraat";"4";"2030";"Antwerpen";"4.  In Onderzoek";"nee";"2014";"";"4.4175236060000316";"51.269946284000071"
"252";"2012314";"Rozemaai";"Jef Van Hoofstraat";"2";"2030";"Antwerpen";"4.  In Onderzoek";"nee";"";"";"4.4178826320000439";"51.268370683000057"
"253";"2012315";"Rozemaai";"Gerard Walschapstraat";"1";"2030";"Antwerpen";"4.  In Onderzoek";"nee";"";"";"4.4161888800000497";"51.267387819000078"
"254";"2012316";"Rozemaai";"100m westen van Renaat Veremanstraat 8";"0";"2030";"Antwerpen";"4.  In Onderzoek";"nee";"";"";"4.4154274760000476";"51.269050648000075"
"255";"2012317";"Rozemaai";"Henry Van De Veldestraat";"2";"2030";"Antwerpen";"4.  In Onderzoek";"nee";"";"";"4.4142649270000334";"51.272036613000068"
"256";"2012319";"Rozemaai";"Pater Strackestraat";"2";"2030";"Antwerpen";"4.  In Onderzoek";"nee";"";"";"4.4121957500000235";"51.270340105000059"
"257";"2012318";"Rozemaai";"Ekersesteenweg";"4";"2030";"Antwerpen";"4.  In Onderzoek";"nee";"";"";"4.417300932000046";"51.272179140000048"
"258";"2012320";"VALAAR";"Cliviastraat";"lotusstraat";"2610";"Wilrijk";"4.  In Onderzoek";"0";"";"";"4.3845974720000527";"51.178654144000063"
"259";"2012321";"Krugerstraat";"Krugerstraat";"7";"2660";"Hoboken";"4.  In Onderzoek";"ja";"";"";"4.3709602800000198";"51.182425561000059"
"260";"2012323";"EILANDJE";"Nassaustraat";"43";"2000";"Antwerpen";"6.  Uitgesteld";"JA";"";"2012";"4.4056333050000376";"51.229908794000039"
"261";"2012322";"SINT-JAN";"Sint Jansplein";"Van De Wervestraat";"2060";"Antwerpen";"1.  Uitgevoerd";"ja";"";"2012";"4.4170257100000754";"51.225849868000068"
"262";"2012324";"EILANDJE";"Bordeauxstraat";"1";"2000";"Antwerpen";"3.  In Wacht";"JA";"";"2013";"4.4092238860000634";"51.230746999000075"
"263";"2008006";"DRAAIBOOM";"Alfred Nobellaan";"1";"2660";"Hoboken";"1.  Uitgevoerd";"nee";"2008";"2009";"4.3608058410000581";"51.177232225000068"
"264";"2009022";"HOF TER LO";"Buurtspoorweglei";"0";"2140";"Borgerhout";"2.  In Aanleg";"nee";"2009";"2012";"4.4462427220000222";"51.218671638000046"
"265";"2009024";"EKSTERLAER";"Vuurwerkstraat";"begin groen zone";"2100";"Deurne";"4.  In Onderzoek";"nee";"2009";"2013";"4.4711798610000528";"51.204054126000074"
"266";"2010027";"STUDENTENBUURT";"Pieter van Hobokenstraat";"23";"2000";"Antwerpen";"6.  Uitgesteld";"ja";"2010";"2011";"4.4130163550000248";"51.221865239000067"
"267";"2009019";"EILANDJE";"Kattendijkdok-Oostkaai";"hoek Madrasstraat";"2000";"Antwerpen";"4.  In Onderzoek";"ja";"2009";"2012";"4.4092281360000243";"51.235515787000054"
"268";"2009020";"EILANDJE";"Madrasstraat";"tegenover gebouw kaai 20";"2000";"Antwerpen";"4.  In Onderzoek";"ja";"2009";"2012";"4.4092112630000315";"51.235676037000076"
"269";"2009021";"TERLOPLEIN";"Statielei";"over nr 109 en Albrecht Rodenbachstraat 44";"2140";"Borgerhout";"3.  In Wacht";"Ja";"2011";"2012";"4.4444290210000759";"51.219008596000037"
"270";"2010030";"MILITAIR HOSPITAAL";"Boomgaardstraat";"achter nr 143";"2018";"Antwerpen";"3.  In Wacht";"nee";"2010";"2013";"4.4256042730000331";"51.201379815000053"
"271";"2010031";"MILITAIR HOSPITAAL";"Pater Pirestraat";"t.h.v. uitrit Lange Leemstraat";"2018";"Antwerpen";"3.  In Wacht";"nee";"2010";"2012";"4.4262612990000321";"51.203700332000039"
"272";"2010042";"STUDENTENBUURT";"Paardenmarkt";"Venusstraat";"2000";"Antwerpen";"2.  In Aanleg";"ja";"2010";"2012";"4.4094317180000644";"51.225024305000034"
"273";"2011045";"NATIONALESTRAAT";"Nationalestraat - Drukkerijstraat";"9 en tegenover nr 18";"2000";"Antwerpen";"2.  In Aanleg";"ja";"2011";"2012";"4.3992736350000428";"51.216999878000081"
"274";"2011046";"NATIONALESTRAAT";"Schoytestraat";"2";"2000";"Antwerpen";"6.  Uitgesteld";"ja";"2011";"2012";"4.3979003390000457";"51.214056682000034"
"275";"2011047";"NATIONALESTRAAT";"Kronenburgstraat";"43/1";"2000";"Antwerpen";"4.  In Onderzoek";"ja";"2011";"2012";"4.3977275310000437";"51.212042046000079"
"276";"2011048";"Kloosterstraat";"Kloosterstraat";"hoek met Oever";"2000";"Antwerpen";"5.  Gevraagd";"ja";"2011";"2011";"4.3962392650000766";"51.217496513000071"
"277";"2011049";"BREDERODE";"Kielsevest";"thv nr 44-46";"2018";"Antwerpen";"6.  Uitgesteld";"Ja";"2011";"2011";"4.393312844000036";"51.19785063300003"
"278";"2011050";"Broederminstraat";"Broederminstraat";"41";"2018";"Antwerpen";"6.  Uitgesteld";"Ja";"2011";"2011";"4.3947147890000338";"51.202481918000046"
"279";"2011051";"Brialmontlei";"Brialmontlei";"hoek Plantin Moretuslei/Charlottalei";"2018";"Antwerpen";"5.  Gevraagd";"Ja";"2011";"2011";"4.4185399880000205";"51.210005098000067"
"280";"2011052";"Lange Leemstraat";"Lange Leemstr";"pleintje  met Isabellalei/Sint Vincentiusstr";"2018";"Antwerpen";"5.  Gevraagd";"Ja";"2011";"2011";"4.414985156000057";"51.206806476000054"
"281";"2011298";"BREDERODE";"Halve Maanstraat";"hoek met Lange Batterijstraat";"2018";"Antwerpen";"4.  In Onderzoek";"ja";"";"2012";"4.3956963230000383";"51.203584870000043"
"282";"2011054";"DAM";"Weilandstraat";"hoek met Kalverstraat";"2060";"Antwerpen";"6.  Uitgesteld";"nee";"2011";"2011";"4.4315271720000737";"51.230854702000045"
"283";"2011296";"DAM";"Eendrachtstraat";"29";"2060";"Antwerpen";"1.  Uitgevoerd";"nee";"";"2012";"4.4377014440000266";"51.228572112000052"
"284";"2012325";"BORGERWEERT";"Antoon Marstboomstraat";"0";"2050";"Antwerpen";"2.  In Aanleg";"JA";"";"2012";"4.3762235710000255";"51.219355499000073"
"285";"2012326";"BORGERWEERT";"Edmond De Coussemakerstraat";"41";"2050";"Antwerpen";"4.  In Onderzoek";"JA";"";"2012";"4.3751480220000758";"51.217896678000045"
"286";"2012328";"DAM";"Dijlestraat";"tegenover nr 1";"2060";"Antwerpen";"6.  Uitgesteld";"0";"";"";"4.4301670950000585";"51.230913624000038"
"287";"2012327";"Oude Luchtbal";"Bostonstraat";"0";"2030";"Antwerpen";"5.  Gevraagd";"JA";"";"";"4.4301086900000541";"51.229916096000068"
"288";"2012329";"Oude Stadscentrum";"Groenkerkhofstraat";"2";"2000";"Antwerpen";"4.  In Onderzoek";"0";"";"";"4.4006881390000672";"51.218711475000077"
"289";"2012330";"Oude Stadscentrum";"Wisselstraat";"op hoek met Grote Markt nr 15";"2000";"Antwerpen";"4.  In Onderzoek";"0";"";"";"4.4003912940000305";"51.221488417000046"
"290";"2012331";"Oude Stadscentrum";"Zand";"tegenover nr 1";"2000";"Antwerpen";"4.  In Onderzoek";"0";"";"";"4.396385925000061";"51.219720982000069"
"291";"2012332";"Scanfil_extra locatie";"Fodderiestraat (kant Hertoglei)";"0";"2660";"Hoboken";"4.  In Onderzoek";"nee";"2014";"2014";"4.3457614820000572";"51.18046428100007"
"292";"2012333";"Sint-Elisabethstraat";"Sint-Elisabethstraat";"59";"2060";"Antwerpen";"4.  In Onderzoek";"0";"";"";"4.4240315710000573";"51.222841448000054"
"293";"2009023";"HOF TER LO";"Hof ter Lo";"11";"2140";"Borgerhout";"2.  In Aanleg";"nee";"2009";"2012";"4.4468882770000278";"51.220564425000077"
"294";"2010041";"KRUGERPARK";"Borsbeekstraat";"Gijselsstraat";"2140";"Borgerhout";"2.  In Aanleg";"Ja";"2010";"2012";"4.4428327990000298";"51.21627268800006"
"295";"2012334";"Koxplein";"Bleekhofstraat";"60";"2140";"Borgerhout";"5.  Gevraagd";"JA";"2014";"2014";"4.4326656720000415";"51.211335197000039"
"296";"2012335";"Lt. Lippenslaan";"Te Boelaarlei";"1-3";"2140";"Borgerhout";"5.  Gevraagd";"ja";"";"2014";"4.4523439310000299";"51.210222291000036"
"297";"2012336";"Hulkstraat";"Hulkstraat";"26";"2040";"Bezali";"6.  Uitgesteld";"ja";"";"2014";"4.3070870070000637";"51.35746105700008"
"298";"2011056";"DAM";"Lange Lobroekstraat";"De Marbaixstraat";"2060";"Antwerpen";"1.  Uitgevoerd";"ja";"2011";"2012";"4.4374205890000553";"51.227290807000031"
"299";"2011274";"ROZEMAAI";"Pater Strackestraat";"9";"2030";"Antwerpen";"1.  Uitgevoerd";"nee";"";"2010";"4.4145567730000721";"51.270230259000073"
"300";"2011142";"KRONENBURG";"Van Duyststraat";"255";"2100";"Deurne";"1.  Uitgevoerd";"Ja";"2012";"2012";"4.4530942070000492";"51.232802136000032"
"301";"2008001";"TER WILGEN";"Urbain Renierstraat";"hoek Adolf Menystraat";"2050";"Antwerpen";"1.  Uitgevoerd";"nee";"2008";"2009";"4.3765061670000591";"51.22663835600008"
"302";"2008003";"HALEWIJNLAAN";"Halewijnlaan";"45-47";"2050";"Antwerpen";"1.  Uitgevoerd";"nee";"2008";"2009";"4.3786723630000211";"51.224695660000066"
"303";"2008002";"HALEWIJNLAAN";"Halewijnlaan";"41-43";"2050";"Antwerpen";"1.  Uitgevoerd";"nee";"2008";"2009";"4.3787062960000753";"51.225545129000068"
"304";"2008004";"COSTER/ELSSCHOT";"Willem Elsschotstraat";"5";"2050";"Antwerpen";"1.  Uitgevoerd";"nee";"2008";"2009";"4.3805545890000417";"51.226112150000063"
"305";"2008005";"COSTER - ELSSCHOT";"Charles de Costerlaan";"15";"2050";"Antwerpen";"1.  Uitgevoerd";"nee";"2008";"2009";"4.3799850490000267";"51.226720690000036"
"306";"2008007";"DRAAIBOOM";"Gandhilaan";"overzijde nr 40";"2660";"Hoboken";"1.  Uitgevoerd";"nee";"2008";"2009";"4.3636673050000354";"51.177840091000064"
"307";"2008009";"VINKENVELDEN";"Moretusstraat";"154";"2660";"Hoboken";"1.  Uitgevoerd";"nee";"2008";"2009";"4.3490059230000497";"51.169060456000068"
"308";"2009010";"STUDENTENBUURT";"Molenbergstraat";"10";"2000";"Antwerpen";"1.  Uitgevoerd";"ja";"2009";"2010";"4.4155686310000419";"51.220574158000034"
"309";"2009011";"SINT-ANDRIES";"Willem Lepelstraat";"19";"2000";"Antwerpen";"1.  Uitgevoerd";"ja";"2009";"2010";"4.3958627890000344";"51.213238453000031"
"310";"2009012";"SINT-ANDRIES";"Prekersstraat";"18";"2000";"Antwerpen";"1.  Uitgevoerd";"ja";"2009";"2010";"4.3966450780000628";"51.214053903000035"
"311";"2009013";"SILVERTOP";"Jan DenucÃ©straat";"11";"2020";"Antwerpen";"1.  Uitgevoerd";"nee";"2009";"2010";"4.3889133600000605";"51.19572592600008"
"312";"2009014";"SILVERTOP";"Ontmoetingsplein";"0";"2020";"Antwerpen";"1.  Uitgevoerd";"nee";"2009";"2010";"4.3906195980000575";"51.194874501000072"
"313";"2009015";"SILVERTOP";"Volhardingstraat";"91";"2020";"Antwerpen";"1.  Uitgevoerd";"nee";"2009";"2010";"4.3903956810000295";"51.194189713000071"
"314";"2009016";"SINT-JAN";"Ellermanstraat";"Dambruggestraat";"2060";"Antwerpen";"1.  Uitgevoerd";"nee";"2009";"2010";"4.4210258920000456";"51.230006062000029"
"315";"2009017";"GROENINGERPLEIN";"Groeningerplein";"7 - 8 - 9";"2140";"Borgerhout";"1.  Uitgevoerd";"ja";"2009";"2010";"4.438791836000064";"51.219920721000051"
"316";"2009018";"FONTEINSTRAAT";"Fonteinstraat";"31";"2140";"Borgerhout";"1.  Uitgevoerd";"Ja";"2009";"2010";"4.44254588900003";"51.212077994000026"
"317";"2010026";"STUDENTENBUURT";"Gratiekapelstraat";"9";"2000";"Antwerpen";"1.  Uitgevoerd";"ja";"2010";"2011";"4.4084510600000613";"51.221970402000068"
"318";"2010028";"ZUIDERVELODROOM";"Zuidervelodroom";"over nr 34";"2018";"Antwerpen";"1.  Uitgevoerd";"nee";"2010";"2012";"4.3983776050000642";"51.201874881000037"
"319";"2010034";"DAM";"Noordschippersdok";"achter nr 29-31-33";"2060";"Antwerpen";"1.  Uitgevoerd";"nee";"2010";"2011";"4.4294495250000523";"51.234167274000072"
"320";"2010035";"DUINSTRAAT";"Duinstraat";"Geelhandsplaats";"2060";"Antwerpen";"1.  Uitgevoerd";"ja";"2010";"2012";"4.4306923210000377";"51.222515849000047"
"321";"2010044";"SINT-JAN";"Sint-Jansplein";"Oudesteenweg";"2060";"Antwerpen";"1.  Uitgevoerd";"ja";"2010";"2012";"4.41828694000003";"51.224824789000081"
"322";"2011053";"DAM";"Maasstraat";"2";"2060";"Antwerpen";"1.  Uitgevoerd";"nee";"2011";"2011";"4.4261507580000625";"51.232990931000074"
"323";"2008008";"VINKENVELDEN";"Paul Henri Spaaklaan";"1";"2660";"Hoboken";"1.  Uitgevoerd";"nee";"2008";"2009";"4.3480807300000492";"51.170145777000073"
"324";"2009025";"VALAAR";"Gebroeders De Wachterstraat";"21-199";"2610";"Wilrijk";"1.  Uitgevoerd";"Ja";"2009";"2011";"4.3798249840000381";"51.17670128900005"
"325";"2010029";"MILITAIR HOSPITAAL";"Albert Claudestraat";"11";"2018";"Antwerpen";"1.  Uitgevoerd";"nee";"2010";"2011";"4.4224635290000265";"51.201743631000056"
"326";"2010032";"DAM";"Twee Netenstraat";"1";"2060";"Antwerpen";"1.  Uitgevoerd";"nee";"2010";"2011";"4.4283593790000282";"51.231726389000073"
"327";"2010033";"DAM";"Rupelstraat";"83";"2060";"Antwerpen";"1.  Uitgevoerd";"nee";"2010";"2011";"4.430593373000022";"51.232882506000067"
"328";"2010036";"DUINSTRAAT";"Pesthofstraat";"35";"2060";"Antwerpen";"1.  Uitgevoerd";"ja";"2010";"2012";"4.4334818480000422";"51.222910220000074"
"329";"2010037";"DUINSTRAAT";"Duinstraat";"Lange Zavelstraat";"2060";"Antwerpen";"1.  Uitgevoerd";"ja";"2010";"2012";"4.4273114080000369";"51.22201810100006"
"330";"2010038";"NIJVERHEIDSTRAAT";"Nijverheidstraat";"Wilgenstraat";"2060";"Antwerpen";"1.  Uitgevoerd";"ja";"2010";"2011";"4.4283738450000669";"51.225522380000029"
"331";"2010039";"REGATTA";"Emile Dancolaan";"hoek Hugues C. Pernathlaan";"2050";"Antwerpen";"1.  Uitgevoerd";"nee";"2010";"2011";"4.3674772990000292";"51.219387821000055"
"332";"2010040";"REGATTA";"Hugues C. Pernathlaan";"hoek Cornellielaan";"2050";"Antwerpen";"1.  Uitgevoerd";"nee";"2010";"2011";"4.3677861770000277";"51.218257243000039"
"333";"2011055";"DAM";"Lange Lobroekstraat";"Ceulemansstraat";"2060";"Antwerpen";"1.  Uitgevoerd";"ja";"2011";"2012";"4.4347642420000284";"51.228491602000076"
"334";"2011285";"VENNEBORG";"Venneborglaan";"Alfons Schneiderlaan";"2100";"Deurne";"1.  Uitgevoerd";"ja";"";"2012";"4.475758115000076";"51.223929431000045"
"335";"2011297";"DAM";"Lange Lobroekstraat";"Lange Slachterijstraat";"2060";"Antwerpen";"1.  Uitgevoerd";"ja";"";"2012";"4.4331851180000399";"51.229194926000048"
"336";"2010043";"STUDENTENBUURT";"Paardenmarkt";"Rodestraat";"2000";"Antwerpen";"2.  In Aanleg";"ja";"2010";"2012";"4.4133438330000558";"51.224645098000053"
"337";"2012338";"Kloosterstraat";"Driehoekstraat";"2";"2180";"Ekeren";"6.  Uitgesteld";"0";"";"2014";"4.4191514010000219";"51.279657375000056"
"338";"2012337";"Kloosterstraat";"Kristus Koningplein";"9";"2180";"Ekeren";"6.  Uitgesteld";"0";"";"2014";"4.4186317300000724";"51.278333320000058"
"339";"2012339";"Kloosterstraat";"Kloosterstraat";"83";"2180";"Ekeren";"6.  Uitgesteld";"0";"";"2014";"4.417561987000056";"51.282150374000082"
"340";"2012340";"Kloosterstraat";"Kloosterstraat";"149";"2180";"Ekeren";"6.  Uitgesteld";"0";"";"2014";"4.4159998460000338";"51.284148320000043"
"341";"2012341";"Operaplein";"Frankrijklei";"nog niet bepaalt";"2000";"Antwerpen";"4.  In Onderzoek";"0";"";"";"4.4156300710000664";"51.219495105000078"
